id                                   ; product type  ; product group                      ; manufacturer  ; name                                                ; url                                                                          ; price  ; material            ; type  ; u_value  ; inner diameter  ; outer diameter  ; total diameter  ; delivery type  ; max. temperature  ; max. pressure  ; description
85d984ac-431a-4212-89b9-0708c8bd67eb ; PIPE          ; Leitungsrohre Kunststoff flexibel  ; Thermaflex    ; Flexalen PU 25 + 25 / 111                           ; https://thermaflex.com/de/download/vorschau/935                              ;        ; Polybuten PB-1      ; Duo   ; 0.146    ; 20.4            ; 25.0            ; 111.0           ; Rolle          ; 80.0              ; 8.0            ; Homogene Verschweißbarkeit und hohe Druckbeständigkeit
3e5c7bfa-47d3-433b-b780-da1409481b5a ; PIPE          ; Leitungsrohre Kunststoff flexibel  ; Thermaflex    ; Flexalen PU 32 + 32 / 126                           ; https://thermaflex.com/de/download/vorschau/935                              ;        ; Polybuten PB-1      ; Duo   ; 0.16     ; 26.0            ; 32.0            ; 126.0           ; Rolle          ; 80.0              ; 8.0            ; Homogene Verschweißbarkeit und hohe Druckbeständigkeit
95ebdbb0-7a89-4e9d-89ac-ad7504d25f45 ; PIPE          ; Leitungsrohre Kunststoff flexibel  ; Thermaflex    ; Flexalen PU 40 + 40 / 142                           ; https://thermaflex.com/de/download/vorschau/935                              ;        ; Polybuten PB-1      ; Duo   ; 0.176    ; 32.6            ; 40.0            ; 142.0           ; Rolle          ; 80.0              ; 8.0            ; Homogene Verschweißbarkeit und hohe Druckbeständigkeit
9e0bb238-6142-4f2f-b1fb-95fdb1549bc6 ; PIPE          ; Leitungsrohre Kunststoff flexibel  ; Thermaflex    ; Flexalen PU 50 + 50 / 182                           ; https://thermaflex.com/de/download/vorschau/935                              ;        ; Polybuten PB-1      ; Duo   ; 0.173    ; 40.8            ; 50.0            ; 182.0           ; Rolle          ; 80.0              ; 8.0            ; Homogene Verschweißbarkeit und hohe Druckbeständigkeit
0df07025-39cd-4749-b47f-e789cd022d49 ; PIPE          ; Leitungsrohre Kunststoff flexibel  ; Thermaflex    ; Flexalen PU 63 + 63 / 202                           ; https://thermaflex.com/de/download/vorschau/935                              ;        ; Polybuten PB-1      ; Duo   ; 0.198    ; 51.4            ; 63.0            ; 202.0           ; Rolle          ; 80.0              ; 8.0            ; Homogene Verschweißbarkeit und hohe Druckbeständigkeit
8795f382-f97d-48f0-8ef7-c90a41c2c46c ; PIPE          ; Leitungsrohre Kunststoff flexibel  ; Thermaflex    ; Flexalen PU 75 + 75 / 202                           ; https://thermaflex.com/de/download/vorschau/935                              ;        ; Polybuten PB-1      ; Duo   ; 0.257    ; 61.4            ; 75.0            ; 202.0           ; Rolle          ; 80.0              ; 8.0            ; Homogene Verschweißbarkeit und hohe Druckbeständigkeit
6fc5fc90-f554-476a-8afc-ff3080d439e5 ; PIPE          ; Leitungsrohre Kunststoff flexibel  ; Thermaflex    ; Flexalen PU 25 / 91                                 ; https://thermaflex.com/de/download/vorschau/935                              ;        ; Polybuten PB-1      ; Uno   ; 0.102    ; 20.4            ; 25.0            ; 91.0            ; Rolle          ; 80.0              ; 8.0            ; Homogene Verschweißbarkeit und hohe Druckbeständigkeit
a89dad2f-6656-4595-8d9e-ff76518102f1 ; PIPE          ; Leitungsrohre Kunststoff flexibel  ; Thermaflex    ; Flexalen PU 32 / 91                                 ; https://thermaflex.com/de/download/vorschau/935                              ;        ; Polybuten PB-1      ; Uno   ; 0.126    ; 26.0            ; 32.0            ; 91.0            ; Rolle          ; 80.0              ; 8.0            ; Homogene Verschweißbarkeit und hohe Druckbeständigkeit
ccf630b2-94b6-4be7-98f9-d1c6516b013e ; PIPE          ; Leitungsrohre Kunststoff flexibel  ; Thermaflex    ; Flexalen PU 40 / 111                                ; https://thermaflex.com/de/download/vorschau/935                              ;        ; Polybuten PB-1      ; Uno   ; 0.128    ; 32.6            ; 40.0            ; 111.0           ; Rolle          ; 80.0              ; 8.0            ; Homogene Verschweißbarkeit und hohe Druckbeständigkeit
934e5f87-f202-4af9-bc8f-f970feb807b0 ; PIPE          ; Leitungsrohre Kunststoff flexibel  ; Thermaflex    ; Flexalen PU 50 / 126                                ; https://thermaflex.com/de/download/vorschau/935                              ;        ; Polybuten PB-1      ; Uno   ; 0.14     ; 40.8            ; 50.0            ; 126.0           ; Rolle          ; 80.0              ; 8.0            ; Homogene Verschweißbarkeit und hohe Druckbeständigkeit
ace92dbf-9f3b-4c2a-ae37-fa60cd9a2636 ; PIPE          ; Leitungsrohre Kunststoff flexibel  ; Thermaflex    ; Flexalen PU 63 / 142                                ; https://thermaflex.com/de/download/vorschau/935                              ;        ; Polybuten PB-1      ; Uno   ; 0.159    ; 51.4            ; 63.0            ; 142.0           ; Rolle          ; 80.0              ; 8.0            ; Homogene Verschweißbarkeit und hohe Druckbeständigkeit
c22b998b-361e-4c7f-b265-77b6ceb9f6fb ; PIPE          ; Leitungsrohre Kunststoff flexibel  ; Thermaflex    ; Flexalen PU 75 / 162                                ; https://thermaflex.com/de/download/vorschau/935                              ;        ; Polybuten PB-1      ; Uno   ; 0.166    ; 61.4            ; 75.0            ; 162.0           ; Rolle          ; 80.0              ; 8.0            ; Homogene Verschweißbarkeit und hohe Druckbeständigkeit
38f2cf5d-b7d8-453f-b2ef-312d810cfd7d ; PIPE          ; Leitungsrohre Kunststoff flexibel  ; Thermaflex    ; Flexalen PU 90 / 182                                ; https://thermaflex.com/de/download/vorschau/935                              ;        ; Polybuten PB-1      ; Uno   ; 0.18     ; 73.6            ; 90.0            ; 182.0           ; Rolle          ; 80.0              ; 8.0            ; Homogene Verschweißbarkeit und hohe Druckbeständigkeit
05d6c939-e0b8-48c6-b45b-f8fc904f4fba ; PIPE          ; Leitungsrohre Kunststoff flexibel  ; Thermaflex    ; Flexalen PU 110 / 200                               ; https://thermaflex.com/de/download/vorschau/935                              ;        ; Polybuten PB-1      ; Uno   ; 0.237    ; 90.0            ; 110.0           ; 200.0           ; Stange         ; 80.0              ; 8.0            ; Homogene Verschweißbarkeit und hohe Druckbeständigkeit
a9237188-b02a-4e6a-b6d2-22b002be38c2 ; PIPE          ; Leitungsrohre Kunststoff flexibel  ; Thermaflex    ; Flexalen PU 125 / 200                               ; https://thermaflex.com/de/download/vorschau/935                              ;        ; Polybuten PB-1      ; Uno   ; 0.292    ; 102.2           ; 125.0           ; 200.0           ; Stange         ; 80.0              ; 8.0            ; Homogene Verschweißbarkeit und hohe Druckbeständigkeit
76fdf157-4c2d-435e-ab7d-6990cbf598bc ; PIPE          ; Leitungsrohre Kunststoff flexibel  ; Thermaflex    ; Flexalen PU 140 / 225                               ; https://thermaflex.com/de/download/vorschau/935                              ;        ; Polybuten PB-1      ; Uno   ; 0.29     ; 114.6           ; 140.0           ; 225.0           ; Stange         ; 80.0              ; 5.0            ; Homogene Verschweißbarkeit und hohe Druckbeständigkeit
24a6df4c-dfec-4f4b-a66b-572b913ce074 ; PIPE          ; Leitungsrohre Kunststoff flexibel  ; Thermaflex    ; Flexalen PU 160 / 250                               ; https://thermaflex.com/de/download/vorschau/935                              ;        ; Polybuten PB-1      ; Uno   ; 0.306    ; 130.8           ; 160.0           ; 250.0           ; Stange         ; 80.0              ; 5.0            ; Homogene Verschweißbarkeit und hohe Druckbeständigkeit
986a7f0d-03f2-48de-aa6c-3b66f47068d6 ; PIPE          ; Leitungsrohre Kunststoff flexibel  ; Enerpipe      ; CaldoPEX PN6 single 25/76                           ; http://www.enerpipe.de/de/produkte/13583/nahwaermerohre                      ;        ; Kunststoff (PE-Xa)  ; UNO   ; 0.1142   ; 20.4            ; 25              ; 76              ; Rolle          ; 95                ; 6              ; Lebensdauer 30 Jahre bei 80°C Dauertemperatur
33575df7-e700-4964-9ceb-4022c7a37e88 ; PIPE          ; Leitungsrohre Kunststoff flexibel  ; Enerpipe      ; CaldoPEX PN6 Plus single 25/91                      ; http://www.enerpipe.de/de/produkte/13583/nahwaermerohre                      ;        ; Kunststoff (PE-Xa)  ; UNO   ; 0.0994   ; 20.4            ; 25              ; 94              ; Rolle          ; 95                ; 6              ; Lebensdauer 30 Jahre bei 80°C Dauertemperatur
b7b303bc-e90b-4420-86af-48e220aac52a ; PIPE          ; Leitungsrohre Kunststoff flexibel  ; Enerpipe      ; CaldoPEX PN6 single 32/76                           ; http://www.enerpipe.de/de/produkte/13583/nahwaermerohre                      ;        ; Kunststoff (PE-Xa)  ; UNO   ; 0.1442   ; 26.2            ; 32              ; 76              ; Rolle          ; 95                ; 6              ; Lebensdauer 30 Jahre bei 80°C Dauertemperatur
ccbf983a-4b3b-42ed-b1d1-49db7904efb0 ; PIPE          ; Leitungsrohre Kunststoff flexibel  ; Enerpipe      ; CaldoPEX PN6 Plus single 32/91                      ; http://www.enerpipe.de/de/produkte/13583/nahwaermerohre                      ;        ; Kunststoff (PE-Xa)  ; UNO   ; 0.1212   ; 26.2            ; 32              ; 94              ; Rolle          ; 95                ; 6              ; Lebensdauer 30 Jahre bei 80°C Dauertemperatur
ac680835-c668-49aa-8fe8-e4b14d26a807 ; PIPE          ; Leitungsrohre Kunststoff flexibel  ; Enerpipe      ; CaldoPEX PN6 single 40/91                           ; http://www.enerpipe.de/de/produkte/13583/nahwaermerohre                      ;        ; Kunststoff (PE-Xa)  ; UNO   ; 0.151    ; 32.6            ; 40              ; 94              ; Rolle          ; 95                ; 6              ; Lebensdauer 30 Jahre bei 80°C Dauertemperatur
f9b0f20d-ded7-436e-af11-788a1ca746fe ; PIPE          ; Leitungsrohre Kunststoff flexibel  ; Enerpipe      ; CaldoPEX PN6 single Plus 40/111                     ; http://www.enerpipe.de/de/produkte/13583/nahwaermerohre                      ;        ; Kunststoff (PE-Xa)  ; UNO   ; 0.1236   ; 32.6            ; 40              ; 114             ; Rolle          ; 95                ; 6              ; Lebensdauer 30 Jahre bei 80°C Dauertemperatur
91c26b19-814b-4a64-a580-27815b13ede2 ; PIPE          ; Leitungsrohre Kunststoff flexibel  ; Enerpipe      ; CaldoPEX PN6 single 50/111                          ; http://www.enerpipe.de/de/produkte/13583/nahwaermerohre                      ;        ; Kunststoff (PE-Xa)  ; UNO   ; 0.1551   ; 40.8            ; 50              ; 114             ; Rolle          ; 95                ; 6              ; Lebensdauer 30 Jahre bei 80°C Dauertemperatur
fd759b72-3c77-4c96-adbf-0a32de2bc18f ; PIPE          ; Leitungsrohre Kunststoff flexibel  ; Enerpipe      ; CaldoPEX PN6 single Plus 50/126                     ; http://www.enerpipe.de/de/produkte/13583/nahwaermerohre                      ;        ; Kunststoff (PE-Xa)  ; UNO   ; 0.136    ; 40.8            ; 50              ; 129             ; Rolle          ; 95                ; 6              ; Lebensdauer 30 Jahre bei 80°C Dauertemperatur
3b11141d-cc14-4e14-b2b0-6ec72c74db2b ; PIPE          ; Leitungsrohre Kunststoff flexibel  ; Enerpipe      ; CaldoPEX PN6 single 63/126                          ; http://www.enerpipe.de/de/produkte/13583/nahwaermerohre                      ;        ; Kunststoff (PE-Xa)  ; UNO   ; 0.1767   ; 51.4            ; 63              ; 129             ; Rolle          ; 95                ; 6              ; Lebensdauer 30 Jahre bei 80°C Dauertemperatur
8312c3c7-d442-40e7-bfba-b278bf5f9bda ; PIPE          ; Leitungsrohre Kunststoff flexibel  ; Enerpipe      ; CaldoPEX PN6 Plus single 63/142                     ; http://www.enerpipe.de/de/produkte/13583/nahwaermerohre                      ;        ; Kunststoff (PE-Xa)  ; UNO   ; 0.1539   ; 51.4            ; 63              ; 145             ; Rolle          ; 95                ; 6              ; Lebensdauer 30 Jahre bei 80°C Dauertemperatur
2df92cbc-71b4-434a-aa4a-056d96665975 ; PIPE          ; Leitungsrohre Kunststoff flexibel  ; Enerpipe      ; CaldoPEX PN6 single 75/142                          ; http://www.enerpipe.de/de/produkte/13583/nahwaermerohre                      ;        ; Kunststoff (PE-Xa)  ; UNO   ; 0.1958   ; 61.4            ; 75              ; 145             ; Rolle          ; 95                ; 6              ; Lebensdauer 30 Jahre bei 80°C Dauertemperatur
8eab28dc-74bd-4d7d-8372-f58a03999cf9 ; PIPE          ; Leitungsrohre Kunststoff flexibel  ; Enerpipe      ; CaldoPEX PN6 Plus single 75/162                     ; http://www.enerpipe.de/de/produkte/13583/nahwaermerohre                      ;        ; Kunststoff (PE-Xa)  ; UNO   ; 0.1616   ; 61.4            ; 75              ; 165             ; Rolle          ; 95                ; 6              ; Lebensdauer 30 Jahre bei 80°C Dauertemperatur
6e31a3ba-360d-4e45-bd53-57d043986e39 ; PIPE          ; Leitungsrohre Kunststoff flexibel  ; Enerpipe      ; CaldoPEX PN6 single 90/162                          ; http://www.enerpipe.de/de/produkte/13583/nahwaermerohre                      ;        ; Kunststoff (PE-Xa)  ; UNO   ; 0.2057   ; 73.6            ; 90              ; 165             ; Rolle          ; 95                ; 6              ; Lebensdauer 30 Jahre bei 80°C Dauertemperatur
057f115e-f140-45bf-a135-a7007bbc776f ; PIPE          ; Leitungsrohre Kunststoff flexibel  ; Enerpipe      ; CaldoPEX PN6 Plus single 90/182                     ; http://www.enerpipe.de/de/produkte/13583/nahwaermerohre                      ;        ; Kunststoff (PE-Xa)  ; UNO   ; 0.1747   ; 73.6            ; 90              ; 185             ; Rolle          ; 95                ; 6              ; Lebensdauer 30 Jahre bei 80°C Dauertemperatur
d4d991e3-4086-4631-a260-278431fd39eb ; PIPE          ; Leitungsrohre Kunststoff flexibel  ; Enerpipe      ; CaldoPEX PN6 single 110/162                         ; http://www.enerpipe.de/de/produkte/13583/nahwaermerohre                      ;        ; Kunststoff (PE-Xa)  ; UNO   ; 0.2957   ; 90              ; 110             ; 165             ; Rolle          ; 95                ; 6              ; Lebensdauer 30 Jahre bei 80°C Dauertemperatur
8aaa4d94-0f1c-4b4f-ab1d-09e3b4a2a600 ; PIPE          ; Leitungsrohre Kunststoff flexibel  ; Enerpipe      ; CaldoPEX PN6 Plus single 110/182                    ; http://www.enerpipe.de/de/produkte/13583/nahwaermerohre                      ;        ; Kunststoff (PE-Xa)  ; UNO   ; 0.2355   ; 90              ; 110             ; 185             ; Rolle          ; 95                ; 6              ; Lebensdauer 30 Jahre bei 80°C Dauertemperatur
ec4d187e-5551-4446-be18-0e4d0e00fe0e ; PIPE          ; Leitungsrohre Kunststoff flexibel  ; Enerpipe      ; CaldoPEX PN6 Plus² single 110/202                   ; http://www.enerpipe.de/de/produkte/13583/nahwaermerohre                      ;        ; Kunststoff (PE-Xa)  ; UNO   ; 0.1992   ; 90              ; 110             ; 205             ; Rolle          ; 95                ; 6              ; Lebensdauer 30 Jahre bei 80°C Dauertemperatur
f758f35b-5ef1-4c0d-abd3-bb8b7bbb33a5 ; PIPE          ; Leitungsrohre Kunststoff flexibel  ; Enerpipe      ; CaldoPEX PN6 single 125/182                         ; http://www.enerpipe.de/de/produkte/13583/nahwaermerohre                      ;        ; Kunststoff (PE-Xa)  ; UNO   ; 0.3026   ; 102.2           ; 125             ; 185             ; Rolle          ; 95                ; 6              ; Lebensdauer 30 Jahre bei 80°C Dauertemperatur
a31a0747-1f68-4cf0-bece-c9ea837dc250 ; PIPE          ; Leitungsrohre Kunststoff flexibel  ; Enerpipe      ; CaldoPEX PN6 Plus single 125/202                    ; http://www.enerpipe.de/de/produkte/13583/nahwaermerohre                      ;        ; Kunststoff (PE-Xa)  ; UNO   ; 0.2771   ; 102.2           ; 125             ; 205             ; Rolle          ; 95                ; 6              ; Lebensdauer 30 Jahre bei 80°C Dauertemperatur
37e2338a-ad43-46bb-afb4-191b71eb7e86 ; PIPE          ; Leitungsrohre Kunststoff flexibel  ; Enerpipe      ; CaldoPEX PN6 single 140/202                         ; http://www.enerpipe.de/de/produkte/13583/nahwaermerohre                      ;        ; Kunststoff (PE-Xa)  ; UNO   ; 0.3084   ; 114.6           ; 140             ; 205             ; Rolle          ; 95                ; 6              ; Lebensdauer 30 Jahre bei 80°C Dauertemperatur
2ebae6af-90e6-42a9-a1df-e106e9777aa1 ; PIPE          ; Leitungsrohre Kunststoff flexibel  ; Enerpipe      ; CaldoPEX PN6 single 160/250                         ; http://www.enerpipe.de/de/produkte/13583/nahwaermerohre                      ;        ; Kunststoff (PE-Xa)  ; UNO   ; 0.3028   ; 130.8           ; 160             ; 250             ; Rolle          ; 95                ; 6              ; Lebensdauer 30 Jahre bei 80°C Dauertemperatur
5c08d2b5-b98b-455b-a90c-76e5de563489 ; PIPE          ; Leitungsrohre Kunststoff flexibel  ; Enerpipe      ; CaldoPEX PN6 double 25+25/91                        ; http://www.enerpipe.de/de/produkte/13583/nahwaermerohre                      ;        ; Kunststoff (PE-Xa)  ; DUO   ; 0.1786   ; 20.4            ; 25              ; 94              ; Rolle          ; 95                ; 6              ; Lebensdauer 30 Jahre bei 80°C Dauertemperatur
a9d42704-b282-425e-9e19-2f7c374aa9ec ; PIPE          ; Leitungsrohre Kunststoff flexibel  ; Enerpipe      ; CaldoPEX PN6 Plus double 25+25/111                  ; http://www.enerpipe.de/de/produkte/13583/nahwaermerohre                      ;        ; Kunststoff (PE-Xa)  ; DUO   ; 0.1392   ; 20.4            ; 25              ; 114             ; Rolle          ; 95                ; 6              ; Lebensdauer 30 Jahre bei 80°C Dauertemperatur
1394e23e-1d6c-4b05-b172-3ff1f0aa4369 ; PIPE          ; Leitungsrohre Kunststoff flexibel  ; Enerpipe      ; CaldoPEX PN6 double 32+32/111                       ; http://www.enerpipe.de/de/produkte/13583/nahwaermerohre                      ;        ; Kunststoff (PE-Xa)  ; DUO   ; 0.1829   ; 26.2            ; 32              ; 114             ; Rolle          ; 95                ; 6              ; Lebensdauer 30 Jahre bei 80°C Dauertemperatur
d644c80f-d46e-4bbf-9680-6bcfedbfc7d6 ; PIPE          ; Leitungsrohre Kunststoff flexibel  ; Enerpipe      ; CaldoPEX PN6 Plus double 32+32/126                  ; http://www.enerpipe.de/de/produkte/13583/nahwaermerohre                      ;        ; Kunststoff (PE-Xa)  ; DUO   ; 0.1571   ; 26.2            ; 32              ; 129             ; Rolle          ; 95                ; 6              ; Lebensdauer 30 Jahre bei 80°C Dauertemperatur
38f8fa8f-703e-4f41-b031-4f65d68727d2 ; PIPE          ; Leitungsrohre Kunststoff flexibel  ; Enerpipe      ; CaldoPEX PN6 double 40+40/126                       ; http://www.enerpipe.de/de/produkte/13583/nahwaermerohre                      ;        ; Kunststoff (PE-Xa)  ; DUO   ; 0.2108   ; 32.6            ; 40              ; 129             ; Rolle          ; 95                ; 6              ; Lebensdauer 30 Jahre bei 80°C Dauertemperatur
5b654748-6f98-4cfb-b56f-ede31d3f9365 ; PIPE          ; Leitungsrohre Kunststoff flexibel  ; Enerpipe      ; CaldoPEX PN6 Plus double 40+40/142                  ; http://www.enerpipe.de/de/produkte/13583/nahwaermerohre                      ;        ; Kunststoff (PE-Xa)  ; DUO   ; 0.1741   ; 32.6            ; 40              ; 145             ; Rolle          ; 95                ; 6              ; Lebensdauer 30 Jahre bei 80°C Dauertemperatur
6e7553de-1566-4667-868a-f6adc6800346 ; PIPE          ; Leitungsrohre Kunststoff flexibel  ; Enerpipe      ; CaldoPEX PN6 double 50+50/162                       ; http://www.enerpipe.de/de/produkte/13583/nahwaermerohre                      ;        ; Kunststoff (PE-Xa)  ; DUO   ; 0.1954   ; 40.8            ; 50              ; 165             ; Rolle          ; 95                ; 6              ; Lebensdauer 30 Jahre bei 80°C Dauertemperatur
6f352f5a-cc82-40fa-9d92-8b8f3f35461e ; PIPE          ; Leitungsrohre Kunststoff flexibel  ; Enerpipe      ; CaldoPEX PN6 Plus double 50+50/182                  ; http://www.enerpipe.de/de/produkte/13583/nahwaermerohre                      ;        ; Kunststoff (PE-Xa)  ; DUO   ; 0.1662   ; 40.8            ; 50              ; 185             ; Rolle          ; 95                ; 6              ; Lebensdauer 30 Jahre bei 80°C Dauertemperatur
f22c1add-bfb4-40ae-b1f8-abd3fba82dd4 ; PIPE          ; Leitungsrohre Kunststoff flexibel  ; Enerpipe      ; CaldoPEX PN6 double 63+63/182                       ; http://www.enerpipe.de/de/produkte/13583/nahwaermerohre                      ;        ; Kunststoff (PE-Xa)  ; DUO   ; 0.2381   ; 51.4            ; 63              ; 185             ; Rolle          ; 95                ; 6              ; Lebensdauer 30 Jahre bei 80°C Dauertemperatur
8bb7c6ba-44c0-4542-b484-3b46880b6c27 ; PIPE          ; Leitungsrohre Kunststoff flexibel  ; Enerpipe      ; CaldoPEX PN6 Plus double 63+63/202                  ; http://www.enerpipe.de/de/produkte/13583/nahwaermerohre                      ;        ; Kunststoff (PE-Xa)  ; DUO   ; 0.2075   ; 51.4            ; 63              ; 205             ; Rolle          ; 95                ; 6              ; Lebensdauer 30 Jahre bei 80°C Dauertemperatur
1232c948-7603-4f27-83b1-74471e8a354e ; PIPE          ; Leitungsrohre Kunststoff flexibel  ; Enerpipe      ; CaldoPEX PN6 double 75+75/202                       ; http://www.enerpipe.de/de/produkte/13583/nahwaermerohre                      ;        ; Kunststoff (PE-Xa)  ; DUO   ; 0.2802   ; 61.4            ; 75              ; 205             ; Rolle          ; 95                ; 6              ; Lebensdauer 30 Jahre bei 80°C Dauertemperatur
24a617b8-2bff-417e-b333-96e6ac1ae249 ; PIPE          ; Leitungsrohre Kunststoff flexibel  ; Enerpipe      ; FibreFLEX PN10 Plus single 25/91                    ; http://www.enerpipe.de/de/produkte/13583/nahwaermerohre                      ;        ; Kunststoff (PE-Xa)  ; UNO   ; 0.0994   ; 20.6            ; 25              ; 94              ; Rolle          ; 95                ; 10             ; Lebensdauer 50 Jahre bei 80°C Dauertemperatur
9824d878-b3ed-4153-91ab-baec5837a9f3 ; PIPE          ; Leitungsrohre Kunststoff flexibel  ; Enerpipe      ; FibreFLEX PN10 Plus² single 25/111                  ; http://www.enerpipe.de/de/produkte/13583/nahwaermerohre                      ;        ; Kunststoff (PE-Xa)  ; UNO   ; 0.0846   ; 20.6            ; 25              ; 114             ; Rolle          ; 95                ; 10             ; Lebensdauer 50 Jahre bei 80°C Dauertemperatur
5ae44ec1-c294-4346-b31a-9e78a52ea1f3 ; PIPE          ; Leitungsrohre Kunststoff flexibel  ; Enerpipe      ; FibreFLEX PN10 Plus single 32/91                    ; http://www.enerpipe.de/de/produkte/13583/nahwaermerohre                      ;        ; Kunststoff (PE-Xa)  ; UNO   ; 0.1212   ; 27              ; 32              ; 94              ; Rolle          ; 95                ; 10             ; Lebensdauer 50 Jahre bei 80°C Dauertemperatur
677b831f-f5b7-479a-975e-c88641560da4 ; PIPE          ; Leitungsrohre Kunststoff flexibel  ; Enerpipe      ; FibreFLEX PN10 Plus² single 32/111                  ; http://www.enerpipe.de/de/produkte/13583/nahwaermerohre                      ;        ; Kunststoff (PE-Xa)  ; UNO   ; 0.1006   ; 27              ; 32              ; 114             ; Rolle          ; 95                ; 10             ; Lebensdauer 50 Jahre bei 80°C Dauertemperatur
a54c08ab-1aae-4e3b-93dd-8e6eaebd1867 ; PIPE          ; Leitungsrohre Kunststoff flexibel  ; Enerpipe      ; FibreFLEX PN10 single Plus 40/111                   ; http://www.enerpipe.de/de/produkte/13583/nahwaermerohre                      ;        ; Kunststoff (PE-Xa)  ; UNO   ; 0.1236   ; 34.4            ; 40              ; 114             ; Rolle          ; 95                ; 10             ; Lebensdauer 50 Jahre bei 80°C Dauertemperatur
d44663aa-cfe5-4c95-a4ff-b27c0dadf79f ; PIPE          ; Leitungsrohre Kunststoff flexibel  ; Enerpipe      ; FibreFLEX PN10 single Plus² 40/126                  ; http://www.enerpipe.de/de/produkte/13583/nahwaermerohre                      ;        ; Kunststoff (PE-Xa)  ; UNO   ; 0.1084   ; 34.4            ; 40              ; 114             ; Rolle          ; 95                ; 10             ; Lebensdauer 50 Jahre bei 80°C Dauertemperatur
117eec4f-1621-4534-95c9-b645c3b0c564 ; PIPE          ; Leitungsrohre Kunststoff flexibel  ; Enerpipe      ; FibreFLEX PN10 single Plus 50/126                   ; http://www.enerpipe.de/de/produkte/13583/nahwaermerohre                      ;        ; Kunststoff (PE-Xa)  ; UNO   ; 0.13     ; 40.4            ; 47.6            ; 129             ; Rolle          ; 95                ; 10             ; Lebensdauer 50 Jahre bei 80°C Dauertemperatur
c6ba4cf2-51c3-4eff-9bbb-575effe06c26 ; PIPE          ; Leitungsrohre Kunststoff flexibel  ; Enerpipe      ; FibreFLEX PN10 Plus single 63/142                   ; http://www.enerpipe.de/de/produkte/13583/nahwaermerohre                      ;        ; Kunststoff (PE-Xa)  ; UNO   ; 0.142    ; 50.5            ; 58.5            ; 145             ; Rolle          ; 95                ; 10             ; Lebensdauer 50 Jahre bei 80°C Dauertemperatur
c06454de-bf66-41f6-9701-dbc032c2fffe ; PIPE          ; Leitungsrohre Kunststoff flexibel  ; Enerpipe      ; FibreFLEX PN10 Plus single 75/162                   ; http://www.enerpipe.de/de/produkte/13583/nahwaermerohre                      ;        ; Kunststoff (PE-Xa)  ; UNO   ; 0.148    ; 60.3            ; 69.5            ; 165             ; Rolle          ; 95                ; 10             ; Lebensdauer 50 Jahre bei 80°C Dauertemperatur
d1930229-76f3-487e-9d63-4ec268542f66 ; PIPE          ; Leitungsrohre Kunststoff flexibel  ; Enerpipe      ; FibreFLEX PN10 Plus single 90/162                   ; http://www.enerpipe.de/de/produkte/13583/nahwaermerohre                      ;        ; Kunststoff (PE-Xa)  ; UNO   ; 0.1747   ; 72              ; 84              ; 165             ; Rolle          ; 95                ; 10             ; Lebensdauer 50 Jahre bei 80°C Dauertemperatur
5c086fb0-e836-4003-8e36-6473a742fdd4 ; PIPE          ; Leitungsrohre Kunststoff flexibel  ; Enerpipe      ; FibreFLEX PN10 Plus² single 90/182                  ; http://www.enerpipe.de/de/produkte/13583/nahwaermerohre                      ;        ; Kunststoff (PE-Xa)  ; UNO   ; 0.161    ; 72              ; 84              ; 185             ; Rolle          ; 95                ; 10             ; Lebensdauer 50 Jahre bei 80°C Dauertemperatur
5fafe22d-ff46-4a61-a7ea-de7b9d1521c2 ; PIPE          ; Leitungsrohre Kunststoff flexibel  ; Enerpipe      ; FibreFLEX PN10 Plus single 110/182                  ; http://www.enerpipe.de/de/produkte/13583/nahwaermerohre                      ;        ; Kunststoff (PE-Xa)  ; UNO   ; 0.206    ; 88              ; 101             ; 185             ; Rolle          ; 95                ; 10             ; Lebensdauer 50 Jahre bei 80°C Dauertemperatur
5c67f0d8-42cb-4519-a99f-dea6fba8f496 ; PIPE          ; Leitungsrohre Kunststoff flexibel  ; Enerpipe      ; FibreFLEX PN10 Plus² single 110/202                 ; http://www.enerpipe.de/de/produkte/13583/nahwaermerohre                      ;        ; Kunststoff (PE-Xa)  ; UNO   ; 0.178    ; 88              ; 101             ; 205             ; Rolle          ; 95                ; 10             ; Lebensdauer 50 Jahre bei 80°C Dauertemperatur
898e203b-de6b-4413-bc56-13e5304e095c ; PIPE          ; Leitungsrohre Kunststoff flexibel  ; Enerpipe      ; FibreFLEX PN10 Plus single 125/202                  ; http://www.enerpipe.de/de/produkte/13583/nahwaermerohre                      ;        ; Kunststoff (PE-Xa)  ; UNO   ; 0.217    ; 102.4           ; 116             ; 205             ; Rolle          ; 95                ; 10             ; Lebensdauer 50 Jahre bei 80°C Dauertemperatur
0c7d99ef-66d2-4170-855b-24ce54ba003e ; PIPE          ; Leitungsrohre Kunststoff flexibel  ; Enerpipe      ; FibreFLEX PN10 single 140/202                       ; http://www.enerpipe.de/de/produkte/13583/nahwaermerohre                      ;        ; Kunststoff (PE-Xa)  ; UNO   ; 0.255    ; 112.8           ; 127             ; 205             ; Rolle          ; 95                ; 10             ; Lebensdauer 50 Jahre bei 80°C Dauertemperatur
b3fe08e3-9049-4f75-a8b3-28ee3872ec5d ; PIPE          ; Leitungsrohre Kunststoff flexibel  ; Enerpipe      ; FibreFLEX PN10 single 160/225                       ; http://www.enerpipe.de/de/produkte/13583/nahwaermerohre                      ;        ; Kunststoff (PE-Xa)  ; UNO   ; 0.264    ; 129             ; 144             ; 228             ; Rolle          ; 95                ; 10             ; Lebensdauer 50 Jahre bei 80°C Dauertemperatur
9a94728d-58fa-4479-8339-26e16700cdff ; PIPE          ; Leitungsrohre Kunststoff flexibel  ; Enerpipe      ; FibreFLEX PN10 Plus double 25+25/111                ; http://www.enerpipe.de/de/produkte/13583/nahwaermerohre                      ;        ; Kunststoff (PE-Xa)  ; DUO   ; 0.1392   ; 20.6            ; 25              ; 114             ; Rolle          ; 95                ; 10             ; Lebensdauer 50 Jahre bei 80°C Dauertemperatur
0a75bdae-97e6-4f75-9170-35d9890a442b ; PIPE          ; Leitungsrohre Kunststoff flexibel  ; Enerpipe      ; FibreFLEX PN10 Plus² double 25+25/126               ; http://www.enerpipe.de/de/produkte/13583/nahwaermerohre                      ;        ; Kunststoff (PE-Xa)  ; DUO   ; 0.123    ; 20.6            ; 25              ; 114             ; Rolle          ; 95                ; 10             ; Lebensdauer 50 Jahre bei 80°C Dauertemperatur
d62108dd-c158-4334-8760-a892f95f5ff7 ; PIPE          ; Leitungsrohre Kunststoff flexibel  ; Enerpipe      ; FibreFLEX PN10 Plus double 32+32/126                ; http://www.enerpipe.de/de/produkte/13583/nahwaermerohre                      ;        ; Kunststoff (PE-Xa)  ; DUO   ; 0.1571   ; 27              ; 32              ; 129             ; Rolle          ; 95                ; 10             ; Lebensdauer 50 Jahre bei 80°C Dauertemperatur
a7133000-47b9-4646-af92-42cd26eb2eb1 ; PIPE          ; Leitungsrohre Kunststoff flexibel  ; Enerpipe      ; FibreFLEX PN10 Plus² double 32+32/142               ; http://www.enerpipe.de/de/produkte/13583/nahwaermerohre                      ;        ; Kunststoff (PE-Xa)  ; DUO   ; 0.136    ; 27              ; 32              ; 129             ; Rolle          ; 95                ; 10             ; Lebensdauer 50 Jahre bei 80°C Dauertemperatur
15023c9c-a432-4fad-a961-4ea1fc8d06c8 ; PIPE          ; Leitungsrohre Kunststoff flexibel  ; Enerpipe      ; FibreFLEX PN10 Plus double 40+40/142                ; http://www.enerpipe.de/de/produkte/13583/nahwaermerohre                      ;        ; Kunststoff (PE-Xa)  ; DUO   ; 0.1741   ; 34.4            ; 40              ; 145             ; Rolle          ; 95                ; 10             ; Lebensdauer 50 Jahre bei 80°C Dauertemperatur
986764d1-cba2-45bc-91e9-cbb8dc6aec90 ; PIPE          ; Leitungsrohre Kunststoff flexibel  ; Enerpipe      ; FibreFLEX PN10 Plus² double 40+40/162               ; http://www.enerpipe.de/de/produkte/13583/nahwaermerohre                      ;        ; Kunststoff (PE-Xa)  ; DUO   ; 0.149    ; 34.4            ; 40              ; 165             ; Rolle          ; 95                ; 10             ; Lebensdauer 50 Jahre bei 80°C Dauertemperatur
22ef27f0-f076-4bfb-89e9-c090e4d7507a ; PIPE          ; Leitungsrohre Kunststoff flexibel  ; Enerpipe      ; FibreFLEX PN10 Plus double 50+50/182                ; http://www.enerpipe.de/de/produkte/13583/nahwaermerohre                      ;        ; Kunststoff (PE-Xa)  ; DUO   ; 0.158    ; 40.4            ; 47.6            ; 185             ; Rolle          ; 95                ; 10             ; Lebensdauer 50 Jahre bei 80°C Dauertemperatur
79751c59-1db3-4c22-80f0-30d4ec7bc1d2 ; PIPE          ; Leitungsrohre Kunststoff flexibel  ; Enerpipe      ; FibreFLEX PN10 double 63+63/182                     ; http://www.enerpipe.de/de/produkte/13583/nahwaermerohre                      ;        ; Kunststoff (PE-Xa)  ; DUO   ; 0.211    ; 50.5            ; 58.5            ; 185             ; Rolle          ; 95                ; 10             ; Lebensdauer 50 Jahre bei 80°C Dauertemperatur
0d8c1c91-cdd9-4511-8ec3-b9380832497a ; PIPE          ; Leitungsrohre Kunststoff flexibel  ; Enerpipe      ; FibreFLEX PN10 Plus double 63+63/202                ; http://www.enerpipe.de/de/produkte/13583/nahwaermerohre                      ;        ; Kunststoff (PE-Xa)  ; DUO   ; 0.178    ; 50.5            ; 58.5            ; 185             ; Rolle          ; 95                ; 10             ; Lebensdauer 50 Jahre bei 80°C Dauertemperatur
c77ad249-9f4b-49bd-82b9-63ebe4bcf109 ; PIPE          ; Leitungsrohre Kunststoff flexibel  ; Enerpipe      ; FibreFLEX PN10 double 75+75/202                     ; http://www.enerpipe.de/de/produkte/13583/nahwaermerohre                      ;        ; Kunststoff (PE-Xa)  ; DUO   ; 0.235    ; 60.3            ; 69.5            ; 205             ; Rolle          ; 95                ; 10             ; Lebensdauer 50 Jahre bei 80°C Dauertemperatur
2b17b41c-dbb5-4a79-90d5-b81d9ef67f36 ; PIPE          ; Leitungsrohre Kunststoff flexibel  ; Enerpipe      ; FibreFLEX PN10 double 75+75/225                     ; http://www.enerpipe.de/de/produkte/13583/nahwaermerohre                      ;        ; Kunststoff (PE-Xa)  ; DUO   ; 0.1928   ; 60.3            ; 69.5            ; 228             ; Rolle          ; 95                ; 10             ; Lebensdauer 50 Jahre bei 80°C Dauertemperatur
0313fc82-3b59-4ebe-b2a5-edc1e48a2844 ; PIPE          ; Leitungsrohre Kunststoff flexibel  ; Enerpipe      ; FibreFLEX PN10 double 90+90/225                     ; http://www.enerpipe.de/de/produkte/13583/nahwaermerohre                      ;        ; Kunststoff (PE-Xa)  ; DUO   ; 0.275    ; 72              ; 84              ; 228             ; Rolle          ; 95                ; 10             ; Lebensdauer 50 Jahre bei 80°C Dauertemperatur
b6517993-73ae-4abe-8aa7-14742f4c7827 ; PIPE          ; Leitungsrohre Kunststoff flexibel  ; Enerpipe      ; FibreFLEX Pro PN16 single Plus 50/126               ; http://www.enerpipe.de/de/produkte/13583/nahwaermerohre                      ;        ; Kunststoff (PE-Xa)  ; UNO   ; 0.13     ; 40.4            ; 47.6            ; 129             ; Rolle          ; 95                ; 10             ; Lebensdauer 50 Jahre bei 80°C Dauertemperatur
c6e17c64-db70-42f9-9488-e2fc5ed40257 ; PIPE          ; Leitungsrohre Kunststoff flexibel  ; Enerpipe      ; FibreFLEX Pro PN16 Plus single 63/142               ; http://www.enerpipe.de/de/produkte/13583/nahwaermerohre                      ;        ; Kunststoff (PE-Xa)  ; UNO   ; 0.142    ; 50.5            ; 58.5            ; 145             ; Rolle          ; 95                ; 10             ; Lebensdauer 50 Jahre bei 85°C Dauertemperatur
1aafd8ce-1f30-4fd6-8d66-1463df770bd6 ; PIPE          ; Leitungsrohre Kunststoff flexibel  ; Enerpipe      ; FibreFLEX Pro PN16 Plus single 75/162               ; http://www.enerpipe.de/de/produkte/13583/nahwaermerohre                      ;        ; Kunststoff (PE-Xa)  ; UNO   ; 0.148    ; 60.3            ; 69.5            ; 165             ; Rolle          ; 115               ; 16             ; Lebensdauer 50 Jahre bei 85°C Dauertemperatur
5e673c52-7805-40b1-8d98-2c09e8ce44c0 ; PIPE          ; Leitungsrohre Kunststoff flexibel  ; Enerpipe      ; FibreFLEX Pro PN16 Plus single 90/182               ; http://www.enerpipe.de/de/produkte/13583/nahwaermerohre                      ;        ; Kunststoff (PE-Xa)  ; UNO   ; 0.1747   ; 72              ; 84              ; 185             ; Rolle          ; 115               ; 16             ; Lebensdauer 50 Jahre bei 85°C Dauertemperatur
ced059e3-87c6-4ce1-bfe3-77a3cc79603b ; PIPE          ; Leitungsrohre Kunststoff flexibel  ; Enerpipe      ; FibreFLEX Pro PN16 Plus² single 90/202              ; http://www.enerpipe.de/de/produkte/13583/nahwaermerohre                      ;        ; Kunststoff (PE-Xa)  ; UNO   ; 0.161    ; 72              ; 84              ; 205             ; Rolle          ; 115               ; 16             ; Lebensdauer 50 Jahre bei 85°C Dauertemperatur
380b7644-ccdb-427f-beb0-1861657ab10d ; PIPE          ; Leitungsrohre Kunststoff flexibel  ; Enerpipe      ; FibreFLEX Pro PN16 Plus single 110/182              ; http://www.enerpipe.de/de/produkte/13583/nahwaermerohre                      ;        ; Kunststoff (PE-Xa)  ; UNO   ; 0.206    ; 88              ; 101             ; 185             ; Rolle          ; 115               ; 16             ; Lebensdauer 50 Jahre bei 85°C Dauertemperatur
82632d55-b5c6-4648-922b-9d2cfa94c670 ; PIPE          ; Leitungsrohre Kunststoff flexibel  ; Enerpipe      ; FibreFLEX Pro PN16 Plus² single 110/202             ; http://www.enerpipe.de/de/produkte/13583/nahwaermerohre                      ;        ; Kunststoff (PE-Xa)  ; UNO   ; 0.178    ; 88              ; 101             ; 205             ; Rolle          ; 115               ; 16             ; Lebensdauer 50 Jahre bei 85°C Dauertemperatur
6a5b9b2c-c8c2-465d-a980-7ce36baacea5 ; PIPE          ; Leitungsrohre Kunststoff flexibel  ; Enerpipe      ; FibreFLEX Pro PN16 Plus single 125/202              ; http://www.enerpipe.de/de/produkte/13583/nahwaermerohre                      ;        ; Kunststoff (PE-Xa)  ; UNO   ; 0.217    ; 102.4           ; 116             ; 205             ; Rolle          ; 115               ; 16             ; Lebensdauer 50 Jahre bei 85°C Dauertemperatur
5474ead0-bfee-4307-843d-d364afd91972 ; PIPE          ; Leitungsrohre Kunststoff flexibel  ; Enerpipe      ; FibreFLEX Pro PN16 single 140/202                   ; http://www.enerpipe.de/de/produkte/13583/nahwaermerohre                      ;        ; Kunststoff (PE-Xa)  ; UNO   ; 0.255    ; 112.8           ; 127             ; 205             ; Rolle          ; 115               ; 16             ; Lebensdauer 50 Jahre bei 85°C Dauertemperatur
a879ab15-a298-49d1-b5a4-6d2e0022c9f2 ; PIPE          ; Leitungsrohre Kunststoff flexibel  ; Enerpipe      ; FibreFLEX Pro PN16 single 160/250                   ; http://www.enerpipe.de/de/produkte/13583/nahwaermerohre                      ;        ; Kunststoff (PE-Xa)  ; UNO   ; 0.264    ; 129             ; 144             ; 250             ; Rolle          ; 115               ; 16             ; Lebensdauer 50 Jahre bei 85°C Dauertemperatur
0af73305-8386-465e-aefa-94178e91ae08 ; PIPE          ; Leitungsrohre Kunststoff flexibel  ; Enerpipe      ; FibreFLEX Pro PN16 Plus double 50+50/182            ; http://www.enerpipe.de/de/produkte/13583/nahwaermerohre                      ;        ; Kunststoff (PE-Xa)  ; DUO   ; 0.158    ; 40.4            ; 47.6            ; 185             ; Rolle          ; 115               ; 16             ; Lebensdauer 50 Jahre bei 85°C Dauertemperatur
91d993b6-1ddd-4c01-a465-2770bf6c76c1 ; PIPE          ; Leitungsrohre Kunststoff flexibel  ; Enerpipe      ; FibreFLEX Pro PN16 double 63+63/182                 ; http://www.enerpipe.de/de/produkte/13583/nahwaermerohre                      ;        ; Kunststoff (PE-Xa)  ; DUO   ; 0.211    ; 50.5            ; 58.5            ; 185             ; Rolle          ; 115               ; 16             ; Lebensdauer 50 Jahre bei 85°C Dauertemperatur
02f75681-ce69-4246-bb5c-5a99c9d1d7a6 ; PIPE          ; Leitungsrohre Kunststoff flexibel  ; Enerpipe      ; FibreFLEX Pro PN16 Plus double 63+63/202            ; http://www.enerpipe.de/de/produkte/13583/nahwaermerohre                      ;        ; Kunststoff (PE-Xa)  ; DUO   ; 0.178    ; 50.5            ; 58.5            ; 185             ; Rolle          ; 115               ; 16             ; Lebensdauer 50 Jahre bei 85°C Dauertemperatur
c9920fc5-a705-49fa-a34e-1b59528ec95c ; PIPE          ; Leitungsrohre Kunststoff flexibel  ; Enerpipe      ; FibreFLEX Pro PN16 double 75+75/202                 ; http://www.enerpipe.de/de/produkte/13583/nahwaermerohre                      ;        ; Kunststoff (PE-Xa)  ; DUO   ; 0.235    ; 60.3            ; 69.5            ; 205             ; Rolle          ; 115               ; 16             ; Lebensdauer 50 Jahre bei 85°C Dauertemperatur
ffe358db-0745-45f6-8772-f8278a19a1a6 ; PIPE          ; Leitungsrohre Kunststoff flexibel  ; Enerpipe      ; FibreFLEX Pro PN16 double 75+75/225                 ; http://www.enerpipe.de/de/produkte/13583/nahwaermerohre                      ;        ; Kunststoff (PE-Xa)  ; DUO   ; 0.1928   ; 60.3            ; 69.5            ; 228             ; Rolle          ; 115               ; 16             ; Lebensdauer 50 Jahre bei 85°C Dauertemperatur
10c508eb-f3d0-4398-9c76-22eb1c10de65 ; PIPE          ; Leitungsrohre Kunststoff flexibel  ; Enerpipe      ; FibreFLEX Pro PN16 double 90+90/225                 ; http://www.enerpipe.de/de/produkte/13583/nahwaermerohre                      ;        ; Kunststoff (PE-Xa)  ; DUO   ; 0.275    ; 72              ; 84              ; 228             ; Rolle          ; 115               ; 16             ; Lebensdauer 50 Jahre bei 85°C Dauertemperatur
a88166c7-8a1a-48d7-af80-bfe742c314aa ; PIPE          ; Leitungsrohre Kunststoff flexibel  ; Rehau         ; RAUTHERMEX SDR11 25/91                              ; https://www.rehau.com/downloads/143158/preisliste-nah-fernwaermetechnik.pdf  ;        ; Kunststoff PE-Xa    ; UNO   ; 0.091    ; 20.4            ; 25              ; 93              ; Rolle          ; 95                ; 6              ;
30325608-7227-46e4-a2b9-a7f8c0ef4e7a ; PIPE          ; Leitungsrohre Kunststoff flexibel  ; Rehau         ; RAUTHERMEX SDR11 32/91                              ; https://www.rehau.com/downloads/143158/preisliste-nah-fernwaermetechnik.pdf  ;        ; Kunststoff PE-Xa    ; UNO   ; 0.111    ; 26.2            ; 32              ; 93              ; Rolle          ; 95                ; 6              ;
45f33886-84e6-465a-a67c-7a847ba5363f ; PIPE          ; Leitungsrohre Kunststoff flexibel  ; Rehau         ; RAUTHERMEX SDR11 32/111                             ; https://www.rehau.com/downloads/143158/preisliste-nah-fernwaermetechnik.pdf  ;        ; Kunststoff PE-Xa    ; UNO   ; 0.096    ; 26.2            ; 32              ; 113             ; Rolle          ; 95                ; 6              ;
b274461c-9a73-4d7f-a446-159e83d4562a ; PIPE          ; Leitungsrohre Kunststoff flexibel  ; Rehau         ; RAUTHERMEX SDR11 40/91                              ; https://www.rehau.com/downloads/143158/preisliste-nah-fernwaermetechnik.pdf  ;        ; Kunststoff PE-Xa    ; UNO   ; 0.138    ; 32.6            ; 40              ; 93              ; Rolle          ; 95                ; 6              ;
5076648a-0f21-4802-a958-d7d75e2e9b66 ; PIPE          ; Leitungsrohre Kunststoff flexibel  ; Rehau         ; RAUTHERMEX SDR11 40/126                             ; https://www.rehau.com/downloads/143158/preisliste-nah-fernwaermetechnik.pdf  ;        ; Kunststoff PE-Xa    ; UNO   ; 0.102    ; 32.6            ; 40              ; 128             ; Rolle          ; 95                ; 6              ;
8e06b6fd-6762-412c-a872-ca0914abc09f ; PIPE          ; Leitungsrohre Kunststoff flexibel  ; Rehau         ; RAUTHERMEX SDR11 50/111                             ; https://www.rehau.com/downloads/143158/preisliste-nah-fernwaermetechnik.pdf  ;        ; Kunststoff PE-Xa    ; UNO   ; 0.142    ; 40.8            ; 50              ; 113             ; Rolle          ; 95                ; 6              ;
73eb7dc7-d787-479b-8274-92e81caefbee ; PIPE          ; Leitungsrohre Kunststoff flexibel  ; Rehau         ; RAUTHERMEX SDR11 50/126                             ; https://www.rehau.com/downloads/143158/preisliste-nah-fernwaermetechnik.pdf  ;        ; Kunststoff PE-Xa    ; UNO   ; 0.126    ; 40.8            ; 50              ; 118             ; Rolle          ; 95                ; 6              ;
2c477f0d-8fdc-4543-a0b1-ffb854534f73 ; PIPE          ; Leitungsrohre Kunststoff flexibel  ; Rehau         ; RAUTHERMEX SDR11 63/126                             ; https://www.rehau.com/downloads/143158/preisliste-nah-fernwaermetechnik.pdf  ;        ; Kunststoff PE-Xa    ; UNO   ; 0.162    ; 51.4            ; 63              ; 128             ; Rolle          ; 95                ; 6              ;
6208626e-9e6c-4798-ba7a-0b6b1d6ebe13 ; PIPE          ; Leitungsrohre Kunststoff flexibel  ; Rehau         ; RAUTHERMEX SDR11 63/142                             ; https://www.rehau.com/downloads/143158/preisliste-nah-fernwaermetechnik.pdf  ;        ; Kunststoff PE-Xa    ; UNO   ; 0.142    ; 51.4            ; 63              ; 144             ; Rolle          ; 95                ; 6              ;
18ff087d-81eb-4605-8249-fac4608368fc ; PIPE          ; Leitungsrohre Kunststoff flexibel  ; Rehau         ; RAUTHERMEX SDR11 75/162                             ; https://www.rehau.com/downloads/143158/preisliste-nah-fernwaermetechnik.pdf  ;        ; Kunststoff PE-Xa    ; UNO   ; 0.149    ; 61.4            ; 75              ; 164             ; Rolle          ; 95                ; 6              ;
e40fbc37-7a8a-418c-a0a9-8c0c27990f01 ; PIPE          ; Leitungsrohre Kunststoff flexibel  ; Rehau         ; RAUTHERMEX SDR11 90/162                             ; https://www.rehau.com/downloads/143158/preisliste-nah-fernwaermetechnik.pdf  ;        ; Kunststoff PE-Xa    ; UNO   ; 0.19     ; 73.6            ; 90              ; 164             ; Rolle          ; 95                ; 6              ;
e4336d9f-f36f-4f2c-9371-df503aca86e6 ; PIPE          ; Leitungsrohre Kunststoff flexibel  ; Rehau         ; RAUTHERMEX SDR11 90/182                             ; https://www.rehau.com/downloads/143158/preisliste-nah-fernwaermetechnik.pdf  ;        ; Kunststoff PE-Xa    ; UNO   ; 0.162    ; 73.6            ; 90              ; 185             ; Rolle          ; 95                ; 6              ;
a916e1e8-b338-4742-b437-9c8da9d65d90 ; PIPE          ; Leitungsrohre Kunststoff flexibel  ; Rehau         ; RAUTHERMEX SDR11 110/162                            ; https://www.rehau.com/downloads/143158/preisliste-nah-fernwaermetechnik.pdf  ;        ; Kunststoff PE-Xa    ; UNO   ; 0.274    ; 90              ; 110             ; 164             ; Rolle          ; 95                ; 6              ;
f470d63d-fccc-418b-9204-906704f3a21f ; PIPE          ; Leitungsrohre Kunststoff flexibel  ; Rehau         ; RAUTHERMEX SDR11 110/182                            ; https://www.rehau.com/downloads/143158/preisliste-nah-fernwaermetechnik.pdf  ;        ; Kunststoff PE-Xa    ; UNO   ; 0.218    ; 90              ; 110             ; 185             ; Rolle          ; 95                ; 6              ;
9d7d2071-e5e3-4c36-a275-96a9cfe1f977 ; PIPE          ; Leitungsrohre Kunststoff flexibel  ; Rehau         ; RAUTHERMEX SDR11 110/202                            ; https://www.rehau.com/downloads/143158/preisliste-nah-fernwaermetechnik.pdf  ;        ; Kunststoff PE-Xa    ; UNO   ; 0.186    ; 90              ; 110             ; 202             ; Rolle          ; 95                ; 6              ;
e2c5edca-77d2-4eaf-8541-b4bce440c583 ; PIPE          ; Leitungsrohre Kunststoff flexibel  ; Rehau         ; RAUTHERMEX SDR11 125/182                            ; https://www.rehau.com/downloads/143158/preisliste-nah-fernwaermetechnik.pdf  ;        ; Kunststoff PE-Xa    ; UNO   ; 0.281    ; 102.2           ; 125             ; 185             ; Rolle          ; 95                ; 6              ;
303ccfcf-75fb-40b4-9ff8-4932f7acd1fa ; PIPE          ; Leitungsrohre Kunststoff flexibel  ; Rehau         ; RAUTHERMEX SDR11 125/202                            ; https://www.rehau.com/downloads/143158/preisliste-nah-fernwaermetechnik.pdf  ;        ; Kunststoff PE-Xa    ; UNO   ; 0.229    ; 102.2           ; 125             ; 206             ; Rolle          ; 95                ; 6              ;
0b24facd-51f7-4fec-a862-99c6e83c51c3 ; PIPE          ; Leitungsrohre Kunststoff flexibel  ; Rehau         ; RAUTHERMEX SDR11 140/202                            ; https://www.rehau.com/downloads/143158/preisliste-nah-fernwaermetechnik.pdf  ;        ; Kunststoff PE-Xa    ; UNO   ; 0.289    ; 114.6           ; 140             ; 206             ; Rolle          ; 95                ; 6              ;
14fee682-57f1-4446-b720-2ab46c4565b7 ; PIPE          ; Leitungsrohre Kunststoff starr     ; Rehau         ; RAUTHERMEX SDR11 160/250                            ; https://www.rehau.com/downloads/143158/preisliste-nah-fernwaermetechnik.pdf  ;        ; Kunststoff PE-Xa    ; UNO   ; 0.303    ; 130.8           ; 160             ; 207             ; Stange         ; 95                ; 6              ;
f0063a8f-459f-4d1b-bc7e-a98bf65998d9 ; PIPE          ; Leitungsrohre Kunststoff flexibel  ; Rehau         ; RAUTHERMEX SDR11 20 + 20/111                        ; https://www.rehau.com/downloads/143158/preisliste-nah-fernwaermetechnik.pdf  ;        ; Kunststoff PE-Xa    ; DUO   ; 0.107    ; 16.2            ; 20              ; 113             ; Rolle          ; 95                ; 6              ;
87583452-bd5a-45b9-837f-aa826ed16fc1 ; PIPE          ; Leitungsrohre Kunststoff flexibel  ; Rehau         ; RAUTHERMEX SDR11 25 + 25/111                        ; https://www.rehau.com/downloads/143158/preisliste-nah-fernwaermetechnik.pdf  ;        ; Kunststoff PE-Xa    ; DUO   ; 0.129    ; 20.4            ; 25              ; 113             ; Rolle          ; 95                ; 6              ;
45ed3af8-535d-435f-bf4b-f45efabfeffe ; PIPE          ; Leitungsrohre Kunststoff flexibel  ; Rehau         ; RAUTHERMEX SDR11 32 + 32/111                        ; https://www.rehau.com/downloads/143158/preisliste-nah-fernwaermetechnik.pdf  ;        ; Kunststoff PE-Xa    ; DUO   ; 0.169    ; 26.2            ; 32              ; 113             ; Rolle          ; 95                ; 6              ;
5b63b83e-b29b-48a2-a2e3-7a4a48a37ff8 ; PIPE          ; Leitungsrohre Kunststoff flexibel  ; Rehau         ; RAUTHERMEX SDR11 32 + 32/126                        ; https://www.rehau.com/downloads/143158/preisliste-nah-fernwaermetechnik.pdf  ;        ; Kunststoff PE-Xa    ; DUO   ; 0.143    ; 26.2            ; 32              ; 128             ; Rolle          ; 95                ; 6              ;
bb142aec-8059-4fe9-8457-c2d3ce5c7032 ; PIPE          ; Leitungsrohre Kunststoff flexibel  ; Rehau         ; RAUTHERMEX SDR11 40 + 40/126                        ; https://www.rehau.com/downloads/143158/preisliste-nah-fernwaermetechnik.pdf  ;        ; Kunststoff PE-Xa    ; DUO   ; 0.191    ; 32.6            ; 40              ; 128             ; Rolle          ; 95                ; 6              ;
f2baa665-5195-4dfd-baf4-efb460ade375 ; PIPE          ; Leitungsrohre Kunststoff flexibel  ; Rehau         ; RAUTHERMEX SDR11 40 + 40/142                        ; https://www.rehau.com/downloads/143158/preisliste-nah-fernwaermetechnik.pdf  ;        ; Kunststoff PE-Xa    ; DUO   ; 0.159    ; 32.6            ; 40              ; 144             ; Rolle          ; 95                ; 6              ;
e39248db-767d-404a-949c-5b943fa876a4 ; PIPE          ; Leitungsrohre Kunststoff flexibel  ; Rehau         ; RAUTHERMEX SDR11 50 + 50/162                        ; https://www.rehau.com/downloads/143158/preisliste-nah-fernwaermetechnik.pdf  ;        ; Kunststoff PE-Xa    ; DUO   ; 0.178    ; 40.8            ; 50              ; 164             ; Rolle          ; 95                ; 6              ;
16e4fb6a-e4bd-4890-80fa-ad0ac0603a1f ; PIPE          ; Leitungsrohre Kunststoff flexibel  ; Rehau         ; RAUTHERMEX SDR11 50 + 50/182                        ; https://www.rehau.com/downloads/143158/preisliste-nah-fernwaermetechnik.pdf  ;        ; Kunststoff PE-Xa    ; DUO   ; 0.151    ; 40.8            ; 50              ; 185             ; Rolle          ; 95                ; 6              ;
79757a26-2ace-4b79-91ff-a873ded07189 ; PIPE          ; Leitungsrohre Kunststoff flexibel  ; Rehau         ; RAUTHERMEX SDR11 63 + 63/182                        ; https://www.rehau.com/downloads/143158/preisliste-nah-fernwaermetechnik.pdf  ;        ; Kunststoff PE-Xa    ; DUO   ; 0.213    ; 51.4            ; 63              ; 185             ; Rolle          ; 95                ; 6              ;
706c16e6-5888-4a9f-a4ad-e528893cd1a2 ; PIPE          ; Leitungsrohre Kunststoff flexibel  ; Rehau         ; RAUTHERMEX SDR11 63 + 63/202                        ; https://www.rehau.com/downloads/143158/preisliste-nah-fernwaermetechnik.pdf  ;        ; Kunststoff PE-Xa    ; DUO   ; 0.178    ; 51.4            ; 63              ; 206             ; Rolle          ; 95                ; 6              ;
ba77f572-51ae-4abd-bb3a-9c5bda45da00 ; PIPE          ; Leitungsrohre Kunststoff flexibel  ; Rehau         ; RAUTHERMEX SDR11 75 + 75/202                        ; https://www.rehau.com/downloads/143158/preisliste-nah-fernwaermetechnik.pdf  ;        ; Kunststoff PE-Xa    ; DUO   ; 0.243    ; 61.4            ; 75              ; 206             ; Rolle          ; 95                ; 6              ;
771f6826-e3a8-4211-835c-a8870d7bcbbb ; PIPE          ; Leitungsrohre Kunststoff flexibel  ; Rehau         ; RAUTHERMEX strong SDR7,4 25 + 25/111                ; https://www.rehau.com/downloads/143158/preisliste-nah-fernwaermetechnik.pdf  ;        ; Kunststoff PE-Xa    ; DUO   ; 0.128    ; 18              ; 25              ; 113             ; Rolle          ; 95                ; 10             ;
b3208d33-e82d-4292-859c-d3daafc7418b ; PIPE          ; Leitungsrohre Kunststoff flexibel  ; Rehau         ; RAUTHERMEX strong SDR7,4 25 + 25/126                ; https://www.rehau.com/downloads/143158/preisliste-nah-fernwaermetechnik.pdf  ;        ; Kunststoff PE-Xa    ; DUO   ; 0.113    ; 18              ; 25              ; 128             ; Rolle          ; 95                ; 10             ;
7f46f23c-b4e3-46ab-9f09-b6aeebd87224 ; PIPE          ; Leitungsrohre Kunststoff flexibel  ; Rehau         ; RAUTHERMEX strong SDR7,4 32 + 32/111                ; https://www.rehau.com/downloads/143158/preisliste-nah-fernwaermetechnik.pdf  ;        ; Kunststoff PE-Xa    ; DUO   ; 0.168    ; 23.2            ; 32              ; 113             ; Rolle          ; 95                ; 10             ;
3b9f462a-30d8-4749-83d4-c4eff05b5928 ; PIPE          ; Leitungsrohre Kunststoff flexibel  ; Rehau         ; RAUTHERMEX strong SDR7,4 32 + 32/126                ; https://www.rehau.com/downloads/143158/preisliste-nah-fernwaermetechnik.pdf  ;        ; Kunststoff PE-Xa    ; DUO   ; 0.142    ; 23.2            ; 32              ; 128             ; Rolle          ; 95                ; 10             ;
399222fe-3c7d-40ee-b3c9-8f940035f8fb ; PIPE          ; Leitungsrohre Kunststoff flexibel  ; Rehau         ; RAUTHERMEX strong SDR7,4 32 + 32/142                ; https://www.rehau.com/downloads/143158/preisliste-nah-fernwaermetechnik.pdf  ;        ; Kunststoff PE-Xa    ; DUO   ; 0.125    ; 23.2            ; 32              ; 143             ; Rolle          ; 95                ; 10             ;
7b56dca9-fa53-41f1-990c-54d94938dfcc ; PIPE          ; Leitungsrohre Kunststoff flexibel  ; Rehau         ; RAUTHERMEX strong SDR7,4 40 + 40/126                ; https://www.rehau.com/downloads/143158/preisliste-nah-fernwaermetechnik.pdf  ;        ; Kunststoff PE-Xa    ; DUO   ; 0.19     ; 29              ; 40              ; 128             ; Rolle          ; 95                ; 10             ;
25f1873d-434d-4329-a8df-e7b81d94fb90 ; PIPE          ; Leitungsrohre Kunststoff flexibel  ; Rehau         ; RAUTHERMEX strong SDR7,4 40 + 40/142                ; https://www.rehau.com/downloads/143158/preisliste-nah-fernwaermetechnik.pdf  ;        ; Kunststoff PE-Xa    ; DUO   ; 0.159    ; 29              ; 40              ; 143             ; Rolle          ; 95                ; 10             ;
86b0060d-6dd4-4277-bdb4-aed53ad6b2e7 ; PIPE          ; Leitungsrohre Kunststoff flexibel  ; Rehau         ; RAUTHERMEX strong SDR7,4 40 + 40/162                ; https://www.rehau.com/downloads/143158/preisliste-nah-fernwaermetechnik.pdf  ;        ; Kunststoff PE-Xa    ; DUO   ; 0.135    ; 29              ; 40              ; 164             ; Rolle          ; 95                ; 10             ;
1834f149-c35d-4b05-b9d4-3a55cc30b516 ; PIPE          ; Leitungsrohre Kunststoff flexibel  ; Rehau         ; RAUTHERMEX strong SDR7,4 50 + 50/162                ; https://www.rehau.com/downloads/143158/preisliste-nah-fernwaermetechnik.pdf  ;        ; Kunststoff PE-Xa    ; DUO   ; 0.177    ; 36.2            ; 50              ; 164             ; Rolle          ; 95                ; 10             ;
ae2d0b7d-87f2-48c4-8cbb-e160cc55b818 ; PIPE          ; Leitungsrohre Kunststoff flexibel  ; Rehau         ; RAUTHERMEX strong SDR7,4 50 + 50/182                ; https://www.rehau.com/downloads/143158/preisliste-nah-fernwaermetechnik.pdf  ;        ; Kunststoff PE-Xa    ; DUO   ; 0.151    ; 36.2            ; 50              ; 182             ; Rolle          ; 95                ; 10             ;
e8a38f8e-734f-477b-882f-0d7bdb2fcd03 ; PIPE          ; Leitungsrohre Kunststoff flexibel  ; Rehau         ; RAUTHERMEX strong SDR7,4 50 + 50/202                ; https://www.rehau.com/downloads/143158/preisliste-nah-fernwaermetechnik.pdf  ;        ; Kunststoff PE-Xa    ; DUO   ; 0.134    ; 36.2            ; 50              ; 202             ; Rolle          ; 95                ; 10             ;
08f9c750-24d8-4c54-b77f-14b9ca2fe995 ; PIPE          ; Leitungsrohre Kunststoff flexibel  ; Rehau         ; RAUTHERMEX strong SDR7,4 63 + 63/182                ; https://www.rehau.com/downloads/143158/preisliste-nah-fernwaermetechnik.pdf  ;        ; Kunststoff PE-Xa    ; DUO   ; 0.211    ; 45.8            ; 63              ; 185             ; Rolle          ; 95                ; 10             ;
429e880b-0139-46ef-b6af-8d765ff747b1 ; PIPE          ; Leitungsrohre Kunststoff flexibel  ; Rehau         ; RAUTHERMEX strong SDR7,4 63 + 63/202                ; https://www.rehau.com/downloads/143158/preisliste-nah-fernwaermetechnik.pdf  ;        ; Kunststoff PE-Xa    ; DUO   ; 0.178    ; 45.8            ; 63              ; 202             ; Rolle          ; 95                ; 10             ;
7997d252-5565-4e32-9165-5e9d9bec9c8b ; PIPE          ; Leitungsrohre Kunststoff flexibel  ; Austroflex    ; AustroPUR single A125 - 1x 25 PN6                   ; https://austroflex.com/download/                                             ;        ; PE-Xa               ; UNO   ; 0.0899   ; 20.4            ; 25              ; 125             ; Rolle          ; 95                ; 6              ;" Art. Nr. 114APE125125 ; min. Biegeradius 0,4m ; max. Bundlänge 260m  "
e9904374-8015-48a7-948d-2859e0333950 ; PIPE          ; Leitungsrohre Kunststoff flexibel  ; Austroflex    ; AustroPUR single A125 - 1x 32 PN6                   ; https://austroflex.com/download/                                             ;        ; PE-Xa               ; UNO   ; 0.1072   ; 26.2            ; 32              ; 125             ; Rolle          ; 95                ; 6              ;" Art. Nr. 114APE125132 ; min. Biegeradius 0,5m ; max. Bundlänge 260m  "
b70be8c3-706d-4fe8-bf3f-84d43874b22d ; PIPE          ; Leitungsrohre Kunststoff flexibel  ; Austroflex    ; AustroPUR single A145 - 1x 40 PN6                   ; https://austroflex.com/download/                                             ;        ; PE-Xa               ; UNO   ; 0.112    ; 32.6            ; 40              ; 145             ; Rolle          ; 95                ; 6              ;" Art. Nr. 114APE145140 ; min. Biegeradius 0,5m ; max. Bundlänge 245m  "
c9fd1406-dfba-48e9-bcc6-27616e93d04d ; PIPE          ; Leitungsrohre Kunststoff flexibel  ; Austroflex    ; AustroPUR single A145 - 1x 50 PN6                   ; https://austroflex.com/download/                                             ;        ; PE-Xa               ; UNO   ; 0.1368   ; 40.8            ; 50              ; 145             ; Rolle          ; 95                ; 6              ;" Art. Nr. 114APE145150 ; min. Biegeradius 0,6m ; max. Bundlänge 245m  "
b473f461-5e71-4dd5-b76f-fb4f2a729e03 ; PIPE          ; Leitungsrohre Kunststoff flexibel  ; Austroflex    ; AustroPUR single A175 - 1x 63 PN6                   ; https://austroflex.com/download/                                             ;        ; PE-Xa               ; UNO   ; 0.1436   ; 51.4            ; 63              ; 175             ; Rolle          ; 95                ; 6              ;" Art. Nr. 114APE175163 ; min. Biegeradius 0,7m ; max. Bundlänge 150m  "
94d4275f-1d44-4f2d-94f4-c80265e724fe ; PIPE          ; Leitungsrohre Kunststoff flexibel  ; Austroflex    ; AustroPUR PLUS single A200 - 1x 63 PN6              ; https://austroflex.com/download/                                             ;        ; PE-Xa               ; UNO   ; 0.1236   ; 51.4            ; 63              ; 200             ; Rolle          ; 95                ; 6              ;" Art. Nr. 114APE200163 ; min. Biegeradius 0,8m ; max. Bundlänge 100m  "
a492f4ac-a901-4d59-bf94-2612df6b6668 ; PIPE          ; Leitungsrohre Kunststoff flexibel  ; Austroflex    ; AustroPUR single A175 - 1x 75 PN6                   ; https://austroflex.com/download/                                             ;        ; PE-Xa               ; UNO   ; 0.1756   ; 61.4            ; 75              ; 175             ; Rolle          ; 95                ; 6              ;" Art. Nr. 114APE175175 ; min. Biegeradius 0,8m ; max. Bundlänge 150m  "
ea81e460-727e-407f-8e35-821325817fbb ; PIPE          ; Leitungsrohre Kunststoff flexibel  ; Austroflex    ; AustroPUR PLUS single A200 - 1x 75 PN6              ; https://austroflex.com/download/                                             ;        ; PE-Xa               ; UNO   ; 0.1466   ; 61.4            ; 75              ; 200             ; Rolle          ; 95                ; 6              ;" Art. Nr. 114APE200175 ; min. Biegeradius 0,9m ; max. Bundlänge 100m  "
3db4431e-c988-4396-af55-640b3cb5ee01 ; PIPE          ; Leitungsrohre Kunststoff flexibel  ; Austroflex    ; AustroPUR single A200 - 1x 90 PN6                   ; https://austroflex.com/download/                                             ;        ; PE-Xa               ; UNO   ; 0.182    ; 73.6            ; 90              ; 200             ; Rolle          ; 95                ; 6              ;" Art. Nr. 114APE200190 ; min. Biegeradius 1,0m ; max. Bundlänge 100m  "
de725a22-e393-47d8-99b8-fbae98328034 ; PIPE          ; Leitungsrohre Kunststoff flexibel  ; Austroflex    ; AustroPUR PLUS single A240 - 1x 90 PN6              ; https://austroflex.com/download/                                             ;        ; PE-Xa               ; UNO   ; 0.1457   ; 73.6            ; 90              ; 240             ; Rolle          ; 95                ; 6              ;" Art. Nr. 114APE240190 ; min. Biegeradius 1,1m ; max. Bundlänge 85m   "
23c4e895-a33b-486d-bb9f-6f3f241e7402 ; PIPE          ; Leitungsrohre Kunststoff flexibel  ; Austroflex    ; AustroPUR single A200 - 1x 110 PN6                  ; https://austroflex.com/download/                                             ;        ; PE-Xa               ; UNO   ; 0.2477   ; 90              ; 110             ; 200             ; Rolle          ; 95                ; 6              ;" Art. Nr. 114APE200110 ; min. Biegeradius 1,1m ; max. Bundlänge 100m  "
41d88330-51dd-47b5-a0d8-2cf8ddeb4ff0 ; PIPE          ; Leitungsrohre Kunststoff flexibel  ; Austroflex    ; AustroPUR PLUS single A240 - 1x 110 PN6             ; https://austroflex.com/download/                                             ;        ; PE-Xa               ; UNO   ; 0.1853   ; 90              ; 110             ; 240             ; Rolle          ; 95                ; 6              ;" Art. Nr. 114APE240110 ; min. Biegeradius 1,2m ; max. Bundlänge 85m   "
c134e8ae-c738-4117-85af-6e848287aedd ; PIPE          ; Leitungsrohre Kunststoff flexibel  ; Austroflex    ; AustroPUR single A240 - 1x 125 PN6                  ; https://austroflex.com/download/                                             ;        ; PE-Xa               ; UNO   ; 0.2237   ; 102.2           ; 125             ; 240             ; Rolle          ; 95                ; 6              ;" Art. Nr. 114APE240125 ; min. Biegeradius 1,3m ; max. Bundlänge 85m   "
2f0f2b1c-ebd8-4bbc-9621-368b3bd93389 ; PIPE          ; Leitungsrohre Kunststoff flexibel  ; Austroflex    ; AustroPUR single A250 - 1x 160 PN6                  ; https://austroflex.com/download/                                             ;        ; PE-Xa               ; UNO   ; 0.2816   ; 130.8           ; 160             ; 250             ; Stange         ; 95                ; 6              ;" Art. Nr. 114APE250160 ; 12m Stangenware                              "
ba793fe3-39dc-4d87-8301-7fdd16b28fb1 ; PIPE          ; Leitungsrohre Kunststoff flexibel  ; Austroflex    ; AustroPUR double A125 - 2x 20 PN6                   ; https://austroflex.com/download/                                             ;        ; PE-Xa               ; DUO   ; 0.1286   ; 16.2            ; 20              ; 125             ; Rolle          ; 95                ; 6              ;" Art. Nr. 114APE125220 ; min. Biegeradius 0,5m ; max. Bundlänge 260m  "
6229b0ab-b59e-41bb-8113-69491e70ba8e ; PIPE          ; Leitungsrohre Kunststoff flexibel  ; Austroflex    ; AustroPUR double A125 - 2x 25 PN6                   ; https://austroflex.com/download/                                             ;        ; PE-Xa               ; DUO   ; 0.1577   ; 20.4            ; 25              ; 125             ; Rolle          ; 95                ; 6              ;" Art. Nr. 114APE125225 ; min. Biegeradius 0,5m ; max. Bundlänge 260m  "
19484eb2-c4c9-4a47-b2f8-73442b37d75d ; PIPE          ; Leitungsrohre Kunststoff flexibel  ; Austroflex    ; AustroPUR PLUS double A145 - 2x 25 PN6              ; https://austroflex.com/download/                                             ;        ; PE-Xa               ; DUO   ; 0.132    ; 20.4            ; 25              ; 145             ; Rolle          ; 95                ; 6              ;" Art. Nr. 114APE145225 ; min. Biegeradius 0,6m ; max. Bundlänge 245m  "
c9692d96-5a6a-4b2d-baee-c144459a597c ; PIPE          ; Leitungsrohre Kunststoff flexibel  ; Austroflex    ; AustroPUR double A145 - 2x 32 PN6                   ; https://austroflex.com/download/                                             ;        ; PE-Xa               ; DUO   ; 0.1681   ; 26.2            ; 32              ; 145             ; Rolle          ; 95                ; 6              ;" Art. Nr. 114APE145232 ; min. Biegeradius 0,6m ; max. Bundlänge 245m  "
b18c008e-842b-4570-8c76-a92eda62b124 ; PIPE          ; Leitungsrohre Kunststoff flexibel  ; Austroflex    ; AustroPUR PLUS double A175 - 2x 32 PN6              ; https://austroflex.com/download/                                             ;        ; PE-Xa               ; DUO   ; 0.1372   ; 26.2            ; 32              ; 175             ; Rolle          ; 95                ; 6              ;" Art. Nr. 114APE175232 ; min. Biegeradius 0,8m ; max. Bundlänge 150m  "
89c44644-16f2-46ae-9704-c306ea428d44 ; PIPE          ; Leitungsrohre Kunststoff flexibel  ; Austroflex    ; AustroPUR double A175 - 2x 40 PN6                   ; https://austroflex.com/download/                                             ;        ; PE-Xa               ; DUO   ; 0.1726   ; 32.6            ; 40              ; 175             ; Rolle          ; 95                ; 6              ;" Art. Nr. 114APE175240 ; min. Biegeradius 0,8m ; max. Bundlänge 150m  "
a5f22378-40f0-40b0-9526-21a16edda931 ; PIPE          ; Leitungsrohre Kunststoff flexibel  ; Austroflex    ; AustroPUR PLUS double A200 - 2x 40 PN6              ; https://austroflex.com/download/                                             ;        ; PE-Xa               ; DUO   ; 0.1444   ; 32.6            ; 40              ; 200             ; Rolle          ; 95                ; 6              ;" Art. Nr. 114APE200240 ; min. Biegeradius 1,0m ; max. Bundlänge 100m  "
dde62de6-aa98-43a9-abb4-77f41c1a7e0f ; PIPE          ; Leitungsrohre Kunststoff flexibel  ; Austroflex    ; AustroPUR double A200 - 2x 50 PN6                   ; https://austroflex.com/download/                                             ;        ; PE-Xa               ; DUO   ; 0.1851   ; 40.8            ; 50              ; 200             ; Rolle          ; 95                ; 6              ;" Art. Nr. 114APE200250 ; min. Biegeradius 1,1m ; max. Bundlänge 100m  "
cdb99229-70fd-4805-8e85-aa461cec84ee ; PIPE          ; Leitungsrohre Kunststoff flexibel  ; Austroflex    ; AustroPUR PLUS double A240 - 2x 50 PN6              ; https://austroflex.com/download/                                             ;        ; PE-Xa               ; DUO   ; 0.1477   ; 40.8            ; 50              ; 240             ; Rolle          ; 95                ; 6              ;" Art. Nr. 114APE240250 ; min. Biegeradius 1,2m ; max. Bundlänge 85m   "
0830f2e6-e20a-483e-8491-281105eb28ed ; PIPE          ; Leitungsrohre Kunststoff flexibel  ; Austroflex    ; AustroPUR double A200 - 2x 63 PN6                   ; https://austroflex.com/download/                                             ;        ; PE-Xa               ; DUO   ; 0.2517   ; 51.4            ; 63              ; 200             ; Rolle          ; 95                ; 6              ;" Art. Nr. 114APE200263 ; min. Biegeradius 1,2m ; max. Bundlänge 100m  "
eb2995ab-c259-49f8-a632-fd3c99b413c9 ; PIPE          ; Leitungsrohre Kunststoff flexibel  ; Austroflex    ; AustroPUR PLUS double A240 - 2x 63 PN6              ; https://austroflex.com/download/                                             ;        ; PE-Xa               ; DUO   ; 0.1873   ; 51.4            ; 63              ; 240             ; Rolle          ; 95                ; 6              ;" Art. Nr. 114APE240263 ; min. Biegeradius 1,3m ; max. Bundlänge 85m   "
fa7f0f45-6647-4c1b-a109-2f9bdc9c7a91 ; PIPE          ; Leitungsrohre Kunststoff flexibel  ; Austroflex    ; AustroPUR double A240 - 2x 75 PN6                   ; https://austroflex.com/download/                                             ;        ; PE-Xa               ; DUO   ; 0.2527   ; 61.4            ; 75              ; 240             ; Rolle          ; 95                ; 6              ;" Art. Nr. 114APE240275 ; min. Biegeradius 1,4m ; max. Bundlänge 85m   "
76161754-9210-47a7-9364-57eb6a46df06 ; PIPE          ; Leitungsrohre Kunststoff flexibel  ;               ; Standard-Wärmeleitung Kunstoff flexibel Duo 20 mm   ;                                                                              ; 59     ; Kunststoff PE-Xa    ; Duo   ; 0.118    ;                 ; 20              ;                 ;                ; 95                ; 6              ;
4962b39e-a136-4199-b2bc-94c8d912cca9 ; PIPE          ; Leitungsrohre Kunststoff flexibel  ;               ; Standard-Wärmeleitung Kunstoff flexibel Duo 25 mm   ;                                                                              ; 62     ; Kunststoff PE-Xa    ; Duo   ; 0.142    ;                 ; 25              ;                 ;                ; 95                ; 6              ;
551bd2ba-a201-42cf-8145-a993611b829c ; PIPE          ; Leitungsrohre Kunststoff flexibel  ;               ; Standard-Wärmeleitung Kunstoff flexibel Duo 32 mm   ;                                                                              ; 70     ; Kunststoff PE-Xa    ; Duo   ; 0.173    ;                 ; 32              ;                 ;                ; 95                ; 6              ;
c1d8a596-9626-4f55-bdd5-771182b7f358 ; PIPE          ; Leitungsrohre Kunststoff flexibel  ;               ; Standard-Wärmeleitung Kunstoff flexibel Duo 40 mm   ;                                                                              ; 94     ; Kunststoff PE-Xa    ; Duo   ; 0.179    ;                 ; 40              ;                 ;                ; 95                ; 6              ;
68cec419-883f-429c-b21f-4169e7edbbea ; PIPE          ; Leitungsrohre Kunststoff flexibel  ;               ; Standard-Wärmeleitung Kunstoff flexibel Duo 50 mm   ;                                                                              ; 125    ; Kunststoff PE-Xa    ; Duo   ; 0.186    ;                 ; 50              ;                 ;                ; 95                ; 6              ;
f2c5766b-5a5f-423f-b85d-09406ff90f9e ; PIPE          ; Leitungsrohre Kunststoff flexibel  ;               ; Standard-Wärmeleitung Kunstoff flexibel Duo 63 mm   ;                                                                              ; 176    ; Kunststoff PE-Xa    ; Duo   ; 0.234    ;                 ; 63              ;                 ;                ; 95                ; 6              ;
c6928784-af32-4191-a8c7-5ebbd058805d ; PIPE          ; Leitungsrohre Kunststoff flexibel  ;               ; Standard-Wärmeleitung Kunstoff flexibel Duo 75 mm   ;                                                                              ; 229    ; Kunststoff PE-Xa    ; Duo   ; 0.259    ;                 ; 75              ;                 ;                ; 95                ; 6              ;
f761285e-9ddc-4813-b50d-8fe35d404e47 ; PIPE          ; Leitungsrohre Kunststoff flexibel  ;               ; Standard-Wärmeleitung Kunstoff flexibel Uno 25 mm   ;                                                                              ; 44     ; Kunststoff PE-Xa    ; Uno   ; 0.093    ;                 ; 25              ;                 ;                ; 95                ; 6              ;
ff78d99b-8281-488b-aae6-a10b6e4c1880 ; PIPE          ; Leitungsrohre Kunststoff flexibel  ;               ; Standard-Wärmeleitung Kunstoff flexibel Uno 32 mm   ;                                                                              ; 49     ; Kunststoff PE-Xa    ; Uno   ; 0.113    ;                 ; 32              ;                 ;                ; 95                ; 6              ;
30790723-b1f8-402d-ae0b-02dfaee57066 ; PIPE          ; Leitungsrohre Kunststoff flexibel  ;               ; Standard-Wärmeleitung Kunstoff flexibel Uno 40 mm   ;                                                                              ; 59     ; Kunststoff PE-Xa    ; Uno   ; 0.125    ;                 ; 40              ;                 ;                ; 95                ; 6              ;
0bea5f72-31b4-45a9-a989-1cc773bbb686 ; PIPE          ; Leitungsrohre Kunststoff flexibel  ;               ; Standard-Wärmeleitung Kunstoff flexibel Uno 50 mm   ;                                                                              ; 78     ; Kunststoff PE-Xa    ; Uno   ; 0.138    ;                 ; 50              ;                 ;                ; 95                ; 6              ;
333275a4-57b5-421a-a34d-6362ab133291 ; PIPE          ; Leitungsrohre Kunststoff flexibel  ;               ; Standard-Wärmeleitung Kunstoff flexibel Uno 63 mm   ;                                                                              ; 108    ; Kunststoff PE-Xa    ; Uno   ; 0.162    ;                 ; 63              ;                 ;                ; 95                ; 6              ;
9b830ab4-6042-4bc9-8a68-9141f560b982 ; PIPE          ; Leitungsrohre Kunststoff flexibel  ;               ; Standard-Wärmeleitung Kunstoff flexibel Uno 75 mm   ;                                                                              ; 121    ; Kunststoff PE-Xa    ; Uno   ; 0.162    ;                 ; 75              ;                 ;                ; 95                ; 6              ;
826e6490-317e-4923-ac43-49a03092a257 ; PIPE          ; Leitungsrohre Kunststoff flexibel  ;               ; Standard-Wärmeleitung Kunstoff flexibel Uno 90 mm   ;                                                                              ; 140    ; Kunststoff PE-Xa    ; Uno   ; 0.193    ;                 ; 90              ;                 ;                ; 95                ; 6              ;
76a04a51-759b-4dbd-96b2-974a408d235f ; PIPE          ; Leitungsrohre Kunststoff flexibel  ;               ; Standard-Wärmeleitung Kunstoff flexibel Uno 110 mm  ;                                                                              ; 181    ; Kunststoff PE-Xa    ; Uno   ; 0.252    ;                 ; 110             ;                 ;                ; 95                ; 6              ;
abad9c93-f982-483b-bc08-83b14cf89edf ; PIPE          ; Leitungsrohre Kunststoff flexibel  ;               ; Standard-Wärmeleitung Kunstoff flexibel Uno 125 mm  ;                                                                              ; 226    ; Kunststoff PE-Xa    ; Uno   ; 0.269    ;                 ; 125             ;                 ;                ; 95                ; 6              ;
32029746-f173-4889-a4f2-ca4c606d977e ; PIPE          ; Leitungsrohre Kunststoff flexibel  ;               ; Standard-Wärmeleitung Kunstoff flexibel Uno 140 mm  ;                                                                              ; 364    ; Kunststoff PE-Xa    ; Uno   ; 0.299    ;                 ; 140             ;                 ;                ; 95                ; 6              ;
38d4169c-aadf-4b8c-8255-920eb25daa88 ; PIPE          ; Leitungsrohre Kunststoff flexibel  ;               ; Standard-Wärmeleitung Kunstoff flexibel Uno 160 mm  ;                                                                              ; 386    ; Kunststoff PE-Xa    ; Uno   ; 0.296    ;                 ; 160             ;                 ;                ; 95                ; 6              ;

