id                                   ; product type      ; product group          ; manufacturer  ; name                                                                      ; url                                                                                        ; price  ; building_type                                   ; power   ; type                    ; material                        ; hot water                                                                                                                                                                    ; control                                                                                                                                    ; description                         
e0fd8d7f-017d-3af7-b3f9-7dbd05f99b50 ; TRANSFER_STATION  ; Hausübergabestationen  ; Yados         ; YADO|GIRO 1I-0H                                                           ; http://www.yados.de/pdf-katalog/yado-giro/#Waermeuebergabestation-YADO-GIRO-S5             ;        ;" Einfamilienhaus; Handel; Gewerbe              "; 25.0    ; Plattenwärmeübertrager  ;" Edelstahl 1.4404; Cu-gelötet  "; keine                                                                                                                                                                        ; TopTronic®                                                                                                                                 ;                                     
e0fd8d7f-017d-3af7-b3f9-7dbd05f99b50 ; TRANSFER_STATION  ; Hausübergabestationen  ; Yados         ; YADO|GIRO 1I-0H                                                           ; http://www.yados.de/pdf-katalog/yado-giro/#Waermeuebergabestation-YADO-GIRO-1I-2H-1DS-DWV  ;        ;" Einfamilienhaus; Handel; Gewerbe              "; 25.0    ; Plattenwärmeübertrager  ;" Edelstahl 1.4404; Cu-gelötet  "; keine                                                                                                                                                                        ; ohne Hilfsenergie                                                                                                                          ;                                     
5e26cbf2-f2f2-3432-b044-5c739968c9d6 ; TRANSFER_STATION  ; Hausübergabestationen  ; Yados         ; YADO|GIRO 1I-0H                                                           ; http://www.yados.de/pdf-katalog/yado-giro/#Waermeuebergabestation-YADO-GIRO-1I-2H-1DS-DWV  ;        ;" Mehrfamilienhaus; Handel; Gewerbe             "; 32.0    ; Plattenwärmeübertrager  ;" Edelstahl 1.4404; Cu-gelötet  "; keine                                                                                                                                                                        ; ohne Hilfsenergie                                                                                                                          ;                                     
f84f3f4b-af4b-3df0-8830-ca06770b844a ; TRANSFER_STATION  ; Hausübergabestationen  ; Yados         ; YADO|GIRO 1I-0H                                                           ; http://www.yados.de/pdf-katalog/yado-giro/#Waermeuebergabestation-YADO-GIRO-S5             ;        ;" Mehrfamilienhaus; Handel; Gewerbe             "; 37.0    ; Plattenwärmeübertrager  ;" Edelstahl 1.4404; Cu-gelötet  "; keine                                                                                                                                                                        ; TopTronic®                                                                                                                                 ;                                     
543d08b2-4878-399d-87bc-56b2879fc455 ; TRANSFER_STATION  ; Hausübergabestationen  ; Yados         ; YADO|GIRO 1I-0H                                                           ; http://www.yados.de/pdf-katalog/yado-giro/#Waermeuebergabestation-YADO-GIRO-1I-2H-1DS-DWV  ;        ;" Mehrfamilienhaus; Handel; Gewerbe             "; 58.0    ; Plattenwärmeübertrager  ;" Edelstahl 1.4404; Cu-gelötet  "; keine                                                                                                                                                                        ; ohne Hilfsenergie                                                                                                                          ;                                     
b856e19c-e303-3fa9-85bc-8b7f1861455f ; TRANSFER_STATION  ; Hausübergabestationen  ; Yados         ; YADO|GIRO 1I-0H                                                           ; http://www.yados.de/pdf-katalog/yado-giro/#Waermeuebergabestation-YADO-GIRO-S5             ;        ;" Mehrfamilienhaus; Handel; Gewerbe             "; 70.0    ; Plattenwärmeübertrager  ;" Edelstahl 1.4404; Cu-gelötet  "; keine                                                                                                                                                                        ; TopTronic®                                                                                                                                 ;                                     
cadbee2c-e491-3c8d-a257-81b95d7301b4 ; TRANSFER_STATION  ; Hausübergabestationen  ; Yados         ; YADO|GIRO 1I-0H                                                           ; http://www.yados.de/pdf-katalog/yado-giro/#Waermeuebergabestation-YADO-GIRO-S5             ;        ;" Mehrfamilienhaus; Handel; Gewerbe             "; 84.0    ; Plattenwärmeübertrager  ;" Edelstahl 1.4404; Cu-gelötet  "; keine                                                                                                                                                                        ; TopTronic®                                                                                                                                 ;                                     
9ad16f3e-bd15-3192-87a2-5c0ea3f81d84 ; TRANSFER_STATION  ; Hausübergabestationen  ; Yados         ; YADO|GIRO 1I-1H-1DD                                                       ; http://www.yados.de/pdf-katalog/yado-giro/#Waermeuebergabestation-YADO-GIRO-1I-1H-0IS      ;        ;" Einfamilienhaus; Handel; Gewerbe              "; 25.0    ; Plattenwärmeübertrager  ;" Edelstahl 1.4404; Cu-gelötet  ";" Trinkwarmwassererwärmung im Durchflussprinzip am Wärmenetz angeschlossen; Trinkwarmwasserzirkulationspumpe nicht in der Station enthalten;                                 "; TopTronic®                                                                                                                                 ;                                     
b5db3a7e-63c3-3430-b722-6900ddd7dee1 ; TRANSFER_STATION  ; Hausübergabestationen  ; Yados         ; YADO|GIRO 1I-1H-1DD                                                       ; http://www.yados.de/pdf-katalog/yado-giro/#Waermeuebergabestation-YADO-GIRO-1I-1H-0IS      ;        ;" Mehrfamilienhaus; Handel; Gewerbe             "; 37.0    ; Plattenwärmeübertrager  ;" Edelstahl 1.4404; Cu-gelötet  ";" Trinkwarmwassererwärmung im Durchflussprinzip am Wärmenetz angeschlossen; Trinkwarmwasserzirkulationspumpe nicht in der Station enthalten;                                 "; TopTronic®                                                                                                                                 ;                                     
84d7cc45-4a22-37d7-8591-8de3742ca522 ; TRANSFER_STATION  ; Hausübergabestationen  ; Yados         ; YADO|GIRO 1I-1H-1DD                                                       ; http://www.yados.de/pdf-katalog/yado-giro/#Waermeuebergabestation-YADO-GIRO-1I-1H-0IS      ;        ;" Mehrfamilienhaus; Handel; Gewerbe             "; 70.0    ; Plattenwärmeübertrager  ;" Edelstahl 1.4404; Cu-gelötet  ";" Trinkwarmwassererwärmung im Durchflussprinzip am Wärmenetz angeschlossen; Trinkwarmwasserzirkulationspumpe nicht in der Station enthalten;                                 "; TopTronic®                                                                                                                                 ;                                     
66a69d2c-9be3-3aa6-b0ab-c76bfbe3f988 ; TRANSFER_STATION  ; Hausübergabestationen  ; Yados         ; YADO|GIRO 1I-1H-1DD                                                       ; http://www.yados.de/pdf-katalog/yado-giro/#Waermeuebergabestation-YADO-GIRO-1I-1H-0IS      ;        ;" Mehrfamilienhaus; Handel; Gewerbe             "; 84.0    ; Plattenwärmeübertrager  ;" Edelstahl 1.4404; Cu-gelötet  ";" Trinkwarmwassererwärmung im Durchflussprinzip am Wärmenetz angeschlossen; Trinkwarmwasserzirkulationspumpe nicht in der Station enthalten;                                 "; TopTronic®                                                                                                                                 ;                                     
5b8269fc-8b79-3bc6-b66a-dd4c0b390ca1 ; TRANSFER_STATION  ; Hausübergabestationen  ; Yados         ; YADO|GIRO 1I-1H-1IS                                                       ; http://www.yados.de/pdf-katalog/yado-giro/#Waermeuebergabestation-YADO-GIRO-1I-1H-1DS      ;        ;" Einfamilienhaus; Handel; Gewerbe              "; 25.0    ; Plattenwärmeübertrager  ;" Edelstahl 1.4404; Cu-gelötet  ";" Trinkwarmwassererwärmung im Speicherprinzip an der Hausanlage Heizung angeschlossen; Registerspeicher und Trinkwarmwasserzirkulationspumpe nicht in der Station enthalten  "; TopTronic®                                                                                                                                 ;                                     
ba490e69-e36b-3cd8-acc2-c59496301109 ; TRANSFER_STATION  ; Hausübergabestationen  ; Yados         ; YADO|GIRO 1I-1H-1IS                                                       ; http://www.yados.de/pdf-katalog/yado-giro/#Waermeuebergabestation-YADO-GIRO-1I-1H-1DS      ;        ;" Mehrfamilienhaus; Handel; Gewerbe             "; 37.0    ; Plattenwärmeübertrager  ;" Edelstahl 1.4404; Cu-gelötet  ";" Trinkwarmwassererwärmung im Speicherprinzip an der Hausanlage Heizung angeschlossen; Registerspeicher und Trinkwarmwasserzirkulationspumpe nicht in der Station enthalten  "; TopTronic®                                                                                                                                 ;                                     
465ed65e-9a6b-3bfd-bde0-7a6f4e5e104f ; TRANSFER_STATION  ; Hausübergabestationen  ; Yados         ; YADO|GIRO 1I-1H-1IS                                                       ; http://www.yados.de/pdf-katalog/yado-giro/#Waermeuebergabestation-YADO-GIRO-1I-1H-1DS      ;        ;" Mehrfamilienhaus; Handel; Gewerbe             "; 70.0    ; Plattenwärmeübertrager  ;" Edelstahl 1.4404; Cu-gelötet  ";" Trinkwarmwassererwärmung im Speicherprinzip an der Hausanlage Heizung angeschlossen; Registerspeicher und Trinkwarmwasserzirkulationspumpe nicht in der Station enthalten  "; TopTronic®                                                                                                                                 ;                                     
1cfbc91c-5131-376e-a824-60be5ff169dc ; TRANSFER_STATION  ; Hausübergabestationen  ; Yados         ; YADO|GIRO 1I-1H-1IS                                                       ; http://www.yados.de/pdf-katalog/yado-giro/#Waermeuebergabestation-YADO-GIRO-1I-1H-1DS      ;        ;" Mehrfamilienhaus; Handel; Gewerbe             "; 84.0    ; Plattenwärmeübertrager  ;" Edelstahl 1.4404; Cu-gelötet  ";" Trinkwarmwassererwärmung im Speicherprinzip an der Hausanlage Heizung angeschlossen; Registerspeicher und Trinkwarmwasserzirkulationspumpe nicht in der Station enthalten  "; TopTronic®                                                                                                                                 ;                                     
b1b5f63d-8f9c-32a2-b005-6df8f7605ed4 ; TRANSFER_STATION  ; Hausübergabestationen  ; Yados         ; YADO|GIRO 1I-1H                                                           ; http://www.yados.de/pdf-katalog/yado-giro/#Waermeuebergabestation-YADO-GIRO-1I-0H-0IS      ;        ;" Einfamilienhaus; Handel; Gewerbe              "; 25.0    ; Plattenwärmeübertrager  ;" Edelstahl 1.4404; Cu-gelötet  "; keine                                                                                                                                                                        ; TopTronic®                                                                                                                                 ;                                     
116df09d-a8b6-3bdb-bbc8-5db185cd1705 ; TRANSFER_STATION  ; Hausübergabestationen  ; Yados         ; YADO|GIRO 1I-1H                                                           ; http://www.yados.de/pdf-katalog/yado-giro/#Waermeuebergabestation-YADO-GIRO-1I-0H-0IS      ;        ;" Mehrfamilienhaus; Handel; Gewerbe             "; 37.0    ; Plattenwärmeübertrager  ;" Edelstahl 1.4404; Cu-gelötet  "; keine                                                                                                                                                                        ; TopTronic®                                                                                                                                 ;                                     
35276240-af29-3e55-a878-3108d8bb1406 ; TRANSFER_STATION  ; Hausübergabestationen  ; Yados         ; YADO|GIRO 1I-1H                                                           ; http://www.yados.de/pdf-katalog/yado-giro/#Waermeuebergabestation-YADO-GIRO-1I-0H-0IS      ;        ;" Mehrfamilienhaus; Handel; Gewerbe             "; 70.0    ; Plattenwärmeübertrager  ;" Edelstahl 1.4404; Cu-gelötet  "; keine                                                                                                                                                                        ; TopTronic®                                                                                                                                 ;                                     
c83e9232-a4a3-3860-bd48-e20ba451f10c ; TRANSFER_STATION  ; Hausübergabestationen  ; Yados         ; YADO|GIRO 1I-1H                                                           ; http://www.yados.de/pdf-katalog/yado-giro/#Waermeuebergabestation-YADO-GIRO-1I-0H-0IS      ;        ;" Mehrfamilienhaus; Handel; Gewerbe             "; 84.0    ; Plattenwärmeübertrager  ;" Edelstahl 1.4404; Cu-gelötet  "; keine                                                                                                                                                                        ; TopTronic®                                                                                                                                 ;                                     
981adf7b-e258-326a-8270-1e576dba971c ; TRANSFER_STATION  ; Hausübergabestationen  ; Yados         ; YADO|GIRO 1I-2H-1DD                                                       ; http://www.yados.de/pdf-katalog/yado-giro/#Waermeuebergabestation-YADO-GIRO-1I-2H-1DD      ;        ;" Einfamilienhaus; Handel; Gewerbe              "; 25.0    ; Plattenwärmeübertrager  ;" Edelstahl 1.4404; Cu-gelötet  ";" Trinkwarmwassererwärmung im Durchflussprinzip am Wärmenetz angeschlossen; Trinkwarmwasserzirkulationspumpe nicht in der Station enthalten;                                 "; TopTronic®                                                                                                                                 ;                                     
3d8bcf54-b0ec-3c40-9187-476c91afa8eb ; TRANSFER_STATION  ; Hausübergabestationen  ; Yados         ; YADO|GIRO 1I-2H-1DD                                                       ; http://www.yados.de/pdf-katalog/yado-giro/#Waermeuebergabestation-YADO-GIRO-1I-2H-1DD      ;        ;" Mehrfamilienhaus; Handel; Gewerbe             "; 37.0    ; Plattenwärmeübertrager  ;" Edelstahl 1.4404; Cu-gelötet  ";" Trinkwarmwassererwärmung im Durchflussprinzip am Wärmenetz angeschlossen; Trinkwarmwasserzirkulationspumpe nicht in der Station enthalten;                                 "; TopTronic®                                                                                                                                 ;                                     
db246c26-3b17-3d4c-8178-7b503b357261 ; TRANSFER_STATION  ; Hausübergabestationen  ; Yados         ; YADO|GIRO 1I-2H-1DD                                                       ; http://www.yados.de/pdf-katalog/yado-giro/#Waermeuebergabestation-YADO-GIRO-1I-2H-1DD      ;        ;" Mehrfamilienhaus; Handel; Gewerbe             "; 70.0    ; Plattenwärmeübertrager  ;" Edelstahl 1.4404; Cu-gelötet  ";" Trinkwarmwassererwärmung im Durchflussprinzip am Wärmenetz angeschlossen; Trinkwarmwasserzirkulationspumpe nicht in der Station enthalten;                                 "; TopTronic®                                                                                                                                 ;                                     
94a41806-f1d3-3529-b5a1-fd7a617e0762 ; TRANSFER_STATION  ; Hausübergabestationen  ; Yados         ; YADO|GIRO 1I-2H-1DD                                                       ; http://www.yados.de/pdf-katalog/yado-giro/#Waermeuebergabestation-YADO-GIRO-1I-2H-1DD      ;        ;" Mehrfamilienhaus; Handel; Gewerbe             "; 84.0    ; Plattenwärmeübertrager  ;" Edelstahl 1.4404; Cu-gelötet  ";" Trinkwarmwassererwärmung im Durchflussprinzip am Wärmenetz angeschlossen; Trinkwarmwasserzirkulationspumpe nicht in der Station enthalten;                                 "; TopTronic®                                                                                                                                 ;                                     
4d8cac54-0423-3dee-9483-4ff752d2a3e7 ; TRANSFER_STATION  ; Hausübergabestationen  ; Yados         ; YADO|PRO 1I-0H                                                            ; http://www.yados.de/pdf-katalog/yado-pro/#6                                                ;        ;" Mehrfamilienhaus; Industrie; Handel; Gewerbe  "; 100.0   ; Plattenwärmeübertrager  ;" Edelstahl 1.4404; Cu-gelötet  "; keine                                                                                                                                                                        ; TopTronic®                                                                                                                                 ;                                     
37815a73-d11d-3486-b152-0f6ed1346888 ; TRANSFER_STATION  ; Hausübergabestationen  ; Yados         ; YADO|PRO 1I-0H                                                            ; http://www.yados.de/pdf-katalog/yado-pro/#6                                                ;        ;" Mehrfamilienhaus; Industrie; Handel; Gewerbe  "; 1200.0  ; Plattenwärmeübertrager  ;" Edelstahl 1.4404; Cu-gelötet  "; keine                                                                                                                                                                        ; TopTronic®                                                                                                                                 ;                                     
79c80564-6a8d-314f-a5e1-96daf7f77106 ; TRANSFER_STATION  ; Hausübergabestationen  ; Yados         ; YADO|PRO 1I-0H                                                            ; http://www.yados.de/pdf-katalog/yado-pro/#6                                                ;        ;" Mehrfamilienhaus; Industrie; Handel; Gewerbe  "; 150.0   ; Plattenwärmeübertrager  ;" Edelstahl 1.4404; Cu-gelötet  "; keine                                                                                                                                                                        ; TopTronic®                                                                                                                                 ;                                     
8e67f335-a88e-3d37-b192-413c62f0dd0d ; TRANSFER_STATION  ; Hausübergabestationen  ; Yados         ; YADO|PRO 1I-0H                                                            ; http://www.yados.de/pdf-katalog/yado-pro/#6                                                ;        ;" Mehrfamilienhaus; Industrie; Handel; Gewerbe  "; 200.0   ; Plattenwärmeübertrager  ;" Edelstahl 1.4404; Cu-gelötet  "; keine                                                                                                                                                                        ; TopTronic®                                                                                                                                 ;                                     
5a5092ef-d2c2-3b87-8d77-0f92ed91cfff ; TRANSFER_STATION  ; Hausübergabestationen  ; Yados         ; YADO|PRO 1I-0H                                                            ; http://www.yados.de/pdf-katalog/yado-pro/#6                                                ;        ;" Mehrfamilienhaus; Industrie; Handel; Gewerbe  "; 250.0   ; Plattenwärmeübertrager  ;" Edelstahl 1.4404; Cu-gelötet  "; keine                                                                                                                                                                        ; TopTronic®                                                                                                                                 ;                                     
d755ba6f-627b-35a2-b81e-a9971fdf44d2 ; TRANSFER_STATION  ; Hausübergabestationen  ; Yados         ; YADO|PRO 1I-0H                                                            ; http://www.yados.de/pdf-katalog/yado-pro/#6                                                ;        ;" Mehrfamilienhaus; Industrie; Handel; Gewerbe  "; 300.0   ; Plattenwärmeübertrager  ;" Edelstahl 1.4404; Cu-gelötet  "; keine                                                                                                                                                                        ; TopTronic®                                                                                                                                 ;                                     
33fde457-28c3-357c-9a4a-55f5f5327278 ; TRANSFER_STATION  ; Hausübergabestationen  ; Yados         ; YADO|PRO 1I-0H                                                            ; http://www.yados.de/pdf-katalog/yado-pro/#6                                                ;        ;" Mehrfamilienhaus; Industrie; Handel; Gewerbe  "; 400.0   ; Plattenwärmeübertrager  ;" Edelstahl 1.4404; Cu-gelötet  "; keine                                                                                                                                                                        ; TopTronic®                                                                                                                                 ;                                     
90012eaa-4ac4-3497-b2b9-227afe91e8c9 ; TRANSFER_STATION  ; Hausübergabestationen  ; Yados         ; YADO|PRO 1I-0H                                                            ; http://www.yados.de/pdf-katalog/yado-pro/#6                                                ;        ;" Mehrfamilienhaus; Industrie; Handel; Gewerbe  "; 500.0   ; Plattenwärmeübertrager  ;" Edelstahl 1.4404; Cu-gelötet  "; keine                                                                                                                                                                        ; TopTronic®                                                                                                                                 ;                                     
6b2e53a5-9724-331b-9755-73e4d640c8ed ; TRANSFER_STATION  ; Hausübergabestationen  ; Yados         ; YADO|PRO 1I-0H                                                            ; http://www.yados.de/pdf-katalog/yado-pro/#6                                                ;        ;" Mehrfamilienhaus; Industrie; Handel; Gewerbe  "; 700.0   ; Plattenwärmeübertrager  ;" Edelstahl 1.4404; Cu-gelötet  "; keine                                                                                                                                                                        ; TopTronic®                                                                                                                                 ;                                     
8f6ea95d-8640-32e7-975a-cadf03306b49 ; TRANSFER_STATION  ; Hausübergabestationen  ; Yados         ; YADO|PRO 1I-0H                                                            ; http://www.yados.de/pdf-katalog/yado-pro/#6                                                ;        ;" Mehrfamilienhaus; Industrie; Handel; Gewerbe  "; 900.0   ; Plattenwärmeübertrager  ;" Edelstahl 1.4404; Cu-gelötet  "; keine                                                                                                                                                                        ; TopTronic®                                                                                                                                 ;                                     
849163f2-ab54-4693-a426-3e45d1043d05 ; TRANSFER_STATION  ; Hausübergabestationen  ; Enerpipe      ; Übergabestation Typ 15                                                    ; http://www.enerpipe.de/de/produkte/13627/uebergabestationen                                ;        ; EFH, MFH, kl. Industriegebäude                  ; 24      ; Plattenwärmetauscher    ; Edelstahl Kupfer gelötet        ; Externer Trinkwasserboiler,Puffer m. Hygienewendel/Frischwasserstation                                                                                                       ; EPC-Regler,Ausgang f. Primärventil/bis zu 3 Heizkreise/Boiler1/Boiler2(Zirkul.kreis), indiv. Außen- und oder raumtemp. Abhängige Regelung  ;                                     
5d30af88-a506-4673-8184-d7f780c038d6 ; TRANSFER_STATION  ; Hausübergabestationen  ; Enerpipe      ; Übergabestation Typ 25                                                    ; http://www.enerpipe.de/de/produkte/13627/uebergabestationen                                ;        ; EFH, MFH, kl. Industriegebäude                  ; 30      ; Plattenwärmetauscher    ; Edelstahl Kupfer gelötet        ; Externer Trinkwasserboiler,Puffer m. Hygienewendel/Frischwasserstation                                                                                                       ; EPC-Regler,Ausgang f. Primärventil/bis zu 3 Heizkreise/Boiler1/Boiler2(Zirkul.kreis), indiv. Außen- und oder raumtemp. Abhängige Regelung  ;                                     
11b620a3-dcdb-4d6b-ab9a-e30888b8c2f3 ; TRANSFER_STATION  ; Hausübergabestationen  ; Enerpipe      ; Übergabestation Typ 40                                                    ; http://www.enerpipe.de/de/produkte/13627/uebergabestationen                                ;        ; EFH, MFH, kl. Industriegebäude                  ; 40      ; Plattenwärmetauscher    ; Edelstahl Kupfer gelötet        ; Externer Trinkwasserboiler,Puffer m. Hygienewendel/Frischwasserstation                                                                                                       ; EPC-Regler,Ausgang f. Primärventil/bis zu 3 Heizkreise/Boiler1/Boiler2(Zirkul.kreis), indiv. Außen- und oder raumtemp. Abhängige Regelung  ;                                     
0128232f-f6fa-464f-87fb-aaebad9ab697 ; TRANSFER_STATION  ; Hausübergabestationen  ; Enerpipe      ; Übergabestation Typ 60                                                    ; http://www.enerpipe.de/de/produkte/13627/uebergabestationen                                ;        ; EFH, MFH, kl. Industriegebäude                  ; 60      ; Plattenwärmetauscher    ; Edelstahl Kupfer gelötet        ; Externer Trinkwasserboiler,Puffer m. Hygienewendel/Frischwasserstation                                                                                                       ; EPC-Regler,Ausgang f. Primärventil/bis zu 3 Heizkreise/Boiler1/Boiler2(Zirkul.kreis), indiv. Außen- und oder raumtemp. Abhängige Regelung  ;                                     
aca75df7-7d74-4a67-a2d1-b1f9654dcb27 ; TRANSFER_STATION  ; Hausübergabestationen  ; Enerpipe      ; Übergabestation Typ 80                                                    ; http://www.enerpipe.de/de/produkte/13627/uebergabestationen                                ;        ; EFH, MFH, kl. Industriegebäude                  ; 80      ; Plattenwärmetauscher    ; Edelstahl Kupfer gelötet        ; Externer Trinkwasserboiler,Puffer m. Hygienewendel/Frischwasserstation                                                                                                       ; EPC-Regler,Ausgang f. Primärventil/bis zu 3 Heizkreise/Boiler1/Boiler2(Zirkul.kreis), indiv. Außen- und oder raumtemp. Abhängige Regelung  ;                                     
bca1c0b3-4756-4ed7-a59f-349a4355ab66 ; TRANSFER_STATION  ; Hausübergabestationen  ; Enerpipe      ; Übergabestation Typ 100                                                   ; http://www.enerpipe.de/de/produkte/13627/uebergabestationen                                ;        ; EFH, MFH, kl. Industriegebäude                  ; 100     ; Plattenwärmetauscher    ; Edelstahl Kupfer gelötet        ; Externer Trinkwasserboiler,Puffer m. Hygienewendel/Frischwasserstation                                                                                                       ; EPC-Regler,Ausgang f. Primärventil/bis zu 3 Heizkreise/Boiler1/Boiler2(Zirkul.kreis), indiv. Außen- und oder raumtemp. Abhängige Regelung  ;                                     
d7f3021a-c227-41c2-9281-237e9465e5f1 ; TRANSFER_STATION  ; Hausübergabestationen  ; Enerpipe      ; Übergabestation Typ 125                                                   ; http://www.enerpipe.de/de/produkte/13627/uebergabestationen                                ;        ; EFH, MFH, kl. Industriegebäude                  ; 125     ; Plattenwärmetauscher    ; Edelstahl Kupfer gelötet        ; Externer Trinkwasserboiler,Puffer m. Hygienewendel/Frischwasserstation                                                                                                       ; EPC-Regler,Ausgang f. Primärventil/bis zu 3 Heizkreise/Boiler1/Boiler2(Zirkul.kreis), indiv. Außen- und oder raumtemp. Abhängige Regelung  ;                                     
93517238-1c9e-4ffd-bb79-a3d6e4c772b8 ; TRANSFER_STATION  ; Hausübergabestationen  ; Enerpipe      ; Übergabestation Typ 150                                                   ; http://www.enerpipe.de/de/produkte/13627/uebergabestationen                                ;        ; EFH, MFH, kl. Industriegebäude                  ; 150     ; Plattenwärmetauscher    ; Edelstahl Kupfer gelötet        ; Externer Trinkwasserboiler,Puffer m. Hygienewendel/Frischwasserstation                                                                                                       ; EPC-Regler,Ausgang f. Primärventil/bis zu 3 Heizkreise/Boiler1/Boiler2(Zirkul.kreis), indiv. Außen- und oder raumtemp. Abhängige Regelung  ;                                     
0a9eb866-cd85-4f36-b88d-90416258c6c6 ; TRANSFER_STATION  ; Hausübergabestationen  ; Enerpipe      ; Übergabestation Typ 200                                                   ; http://www.enerpipe.de/de/produkte/13627/uebergabestationen                                ;        ; EFH, MFH, kl. Industriegebäude                  ; 200     ; Plattenwärmetauscher    ; Edelstahl Kupfer gelötet        ; Externer Trinkwasserboiler,Puffer m. Hygienewendel/Frischwasserstation                                                                                                       ; EPC-Regler,Ausgang f. Primärventil/bis zu 3 Heizkreise/Boiler1/Boiler2(Zirkul.kreis), indiv. Außen- und oder raumtemp. Abhängige Regelung  ;                                     
fb1e9cdb-46fd-45c1-8908-db4a4e8a0fe3 ; TRANSFER_STATION  ; Hausübergabestationen  ; Enerpipe      ; Übergabestation Typ 250                                                   ; http://www.enerpipe.de/de/produkte/13627/uebergabestationen                                ;        ; EFH, MFH, kl. Industriegebäude                  ; 250     ; Plattenwärmetauscher    ; Edelstahl Kupfer gelötet        ; Externer Trinkwasserboiler,Puffer m. Hygienewendel/Frischwasserstation                                                                                                       ; EPC-Regler,Ausgang f. Primärventil/bis zu 3 Heizkreise/Boiler1/Boiler2(Zirkul.kreis), indiv. Außen- und oder raumtemp. Abhängige Regelung  ;                                     
b90a8356-6ae4-435d-8c3c-0f8e70dda047 ; TRANSFER_STATION  ; Hausübergabestationen  ; Enerpipe      ; Übergabestation Typ 300                                                   ; http://www.enerpipe.de/de/produkte/13627/uebergabestationen                                ;        ; EFH, MFH, kl. Industriegebäude                  ; 300     ; Plattenwärmetauscher    ; Edelstahl Kupfer gelötet        ; Externer Trinkwasserboiler,Puffer m. Hygienewendel/Frischwasserstation                                                                                                       ; EPC-Regler,Ausgang f. Primärventil/bis zu 3 Heizkreise/Boiler1/Boiler2(Zirkul.kreis), indiv. Außen- und oder raumtemp. Abhängige Regelung  ;                                     
f5077bce-e4e5-4456-80cf-d5947d83d557 ; TRANSFER_STATION  ; Hausübergabestationen  ; Enerpipe      ; Übergabestation Typ 350                                                   ; http://www.enerpipe.de/de/produkte/13627/uebergabestationen                                ;        ; EFH, MFH, kl. Industriegebäude                  ; 350     ; Plattenwärmetauscher    ; Edelstahl Kupfer gelötet        ; Externer Trinkwasserboiler,Puffer m. Hygienewendel/Frischwasserstation                                                                                                       ; EPC-Regler,Ausgang f. Primärventil/bis zu 3 Heizkreise/Boiler1/Boiler2(Zirkul.kreis), indiv. Außen- und oder raumtemp. Abhängige Regelung  ;                                     
94f8fc4d-1ae3-4199-84f8-c50183d9cb32 ; TRANSFER_STATION  ; Hausübergabestationen  ; Enerpipe      ; Übergabestation Typ 400                                                   ; http://www.enerpipe.de/de/produkte/13627/uebergabestationen                                ;        ; EFH, MFH, kl. Industriegebäude                  ; 400     ; Plattenwärmetauscher    ; Edelstahl Kupfer gelötet        ; Externer Trinkwasserboiler,Puffer m. Hygienewendel/Frischwasserstation                                                                                                       ; EPC-Regler,Ausgang f. Primärventil/bis zu 3 Heizkreise/Boiler1/Boiler2(Zirkul.kreis), indiv. Außen- und oder raumtemp. Abhängige Regelung  ;                                     
558d6439-bb4f-480c-81b8-571aa263c04b ; TRANSFER_STATION  ; Hausübergabestationen  ; Enerpipe      ; Übergabestation Typ 500                                                   ; http://www.enerpipe.de/de/produkte/13627/uebergabestationen                                ;        ; EFH, MFH, kl. Industriegebäude                  ; 500     ; Plattenwärmetauscher    ; Edelstahl Kupfer gelötet        ; Externer Trinkwasserboiler,Puffer m. Hygienewendel/Frischwasserstation                                                                                                       ; EPC-Regler,Ausgang f. Primärventil/bis zu 3 Heizkreise/Boiler1/Boiler2(Zirkul.kreis), indiv. Außen- und oder raumtemp. Abhängige Regelung  ;                                     
6e1e2531-d58a-45dc-988e-d015e11b2b95 ; TRANSFER_STATION  ; Hausübergabestationen  ; Enerpipe      ; Pufferspeicher-Übergabestation Typ SP600DL                                ; http://www.enerpipe.de/de/produkte/13647/nahwaermepufferspeicher                           ;        ; EFH / MFH                                       ; 40      ; ohne Systemtrennung     ; -                               ; Externer Boiler oder Frischwasserstation                                                                                                                                     ; DCC-Regler,Ausgang f. Primärventil/bis zu 2 Heizkreise/Boiler1/Boiler2(Zirkul.kreis), indiv. Außen- und oder raumtemp. Abhängige Regelung  ; Pufferspeicher-Isolierung Klasse B  
df382436-d84d-4ec6-8856-201f66b05fe2 ; TRANSFER_STATION  ; Hausübergabestationen  ; Enerpipe      ; Pufferspeicher-Übergabestation Typ SP600ZL                                ; http://www.enerpipe.de/de/produkte/13647/nahwaermepufferspeicher                           ;        ; EFH / MFH                                       ; 40      ; ohne Systemtrennung     ; -                               ; Externer Boiler oder Frischwasserstation                                                                                                                                     ; DCC-Regler,Ausgang f. Primärventil/bis zu 2 Heizkreise/Boiler1/Boiler2(Zirkul.kreis), indiv. Außen- und oder raumtemp. Abhängige Regelung  ; Pufferspeicher-Isolierung Klasse B  
88f317bb-9426-4fcb-9ea9-166e0d28704a ; TRANSFER_STATION  ; Hausübergabestationen  ; Enerpipe      ; Pufferspeicher-Übergabestation SP800DL                                    ; http://www.enerpipe.de/de/produkte/13647/nahwaermepufferspeicher                           ;        ; EFH / MFH                                       ; 40      ; ohne Systemtrennung     ; -                               ; Externer Boiler oder Frischwasserstation                                                                                                                                     ; DCC-Regler,Ausgang f. Primärventil/bis zu 2 Heizkreise/Boiler1/Boiler2(Zirkul.kreis), indiv. Außen- und oder raumtemp. Abhängige Regelung  ; Pufferspeicher-Isolierung Klasse B  
6714d8d2-4f87-4b34-9d2d-787f5b06691a ; TRANSFER_STATION  ; Hausübergabestationen  ; Enerpipe      ; Pufferspeicher-Übergabestation SP800ZL                                    ; http://www.enerpipe.de/de/produkte/13647/nahwaermepufferspeicher                           ;        ; EFH / MFH                                       ; 40      ; ohne Systemtrennung     ; -                               ; Externer Boiler oder Frischwasserstation                                                                                                                                     ; DCC-Regler,Ausgang f. Primärventil/bis zu 2 Heizkreise/Boiler1/Boiler2(Zirkul.kreis), indiv. Außen- und oder raumtemp. Abhängige Regelung  ; Pufferspeicher-Isolierung Klasse B  
62abf9b5-6ca1-4da8-89ae-f3318cb5aa56 ; TRANSFER_STATION  ; Hausübergabestationen  ; Enerpipe      ; Pufferspeicher-Übergabestation SP1000DL                                   ; http://www.enerpipe.de/de/produkte/13647/nahwaermepufferspeicher                           ;        ; EFH / MFH                                       ; 40      ; ohne Systemtrennung     ; -                               ; Externer Boiler oder Frischwasserstation                                                                                                                                     ; DCC-Regler,Ausgang f. Primärventil/bis zu 2 Heizkreise/Boiler1/Boiler2(Zirkul.kreis), indiv. Außen- und oder raumtemp. Abhängige Regelung  ; Pufferspeicher-Isolierung Klasse B  
4035e183-5ab3-45e2-8706-f2fb56fdf03b ; TRANSFER_STATION  ; Hausübergabestationen  ; Enerpipe      ; Pufferspeicher-Übergabestation SP1000ZL                                   ; http://www.enerpipe.de/de/produkte/13647/nahwaermepufferspeicher                           ;        ; EFH / MFH                                       ; 40      ; ohne Systemtrennung     ; -                               ; Externer Boiler oder Frischwasserstation                                                                                                                                     ; DCC-Regler,Ausgang f. Primärventil/bis zu 2 Heizkreise/Boiler1/Boiler2(Zirkul.kreis), indiv. Außen- und oder raumtemp. Abhängige Regelung  ; Pufferspeicher-Isolierung Klasse B  
d76803f9-b0ed-4003-be3a-65550776d6ac ; TRANSFER_STATION  ; Hausübergabestationen  ; Enerpipe      ; Pufferspeicher-Übergabestation HP600DL                                    ; http://www.enerpipe.de/de/produkte/13647/nahwaermepufferspeicher                           ;        ; EFH / MFH                                       ; 15      ; Glattrohrwärmetauscher  ; Stahl                           ; Externer Boiler oder Frischwasserstation                                                                                                                                     ; DCC-Regler,Ausgang f. Primärventil/bis zu 2 Heizkreise/Boiler1/Boiler2(Zirkul.kreis), indiv. Außen- und oder raumtemp. Abhängige Regelung  ; Pufferspeicher-Isolierung Klasse B  
369bc448-b10d-426c-89ed-5e0849e3bb91 ; TRANSFER_STATION  ; Hausübergabestationen  ; Enerpipe      ; Pufferspeicher-Übergabestation HP600ZL                                    ; http://www.enerpipe.de/de/produkte/13647/nahwaermepufferspeicher                           ;        ; EFH / MFH                                       ; 15      ; Glattrohrwärmetauscher  ; Stahl                           ; Externer Boiler oder Frischwasserstation                                                                                                                                     ; DCC-Regler,Ausgang f. Primärventil/bis zu 2 Heizkreise/Boiler1/Boiler2(Zirkul.kreis), indiv. Außen- und oder raumtemp. Abhängige Regelung  ; Pufferspeicher-Isolierung Klasse B  
70144412-d3e9-4850-b00f-55a7ca5e705f ; TRANSFER_STATION  ; Hausübergabestationen  ; Enerpipe      ; Pufferspeicher-Übergabestation HP800DL                                    ; http://www.enerpipe.de/de/produkte/13647/nahwaermepufferspeicher                           ;        ; EFH / MFH                                       ; 20      ; Glattrohrwärmetauscher  ; Stahl                           ; Externer Boiler oder Frischwasserstation                                                                                                                                     ; DCC-Regler,Ausgang f. Primärventil/bis zu 2 Heizkreise/Boiler1/Boiler2(Zirkul.kreis), indiv. Außen- und oder raumtemp. Abhängige Regelung  ; Pufferspeicher-Isolierung Klasse B  
15fdbf1e-006f-4df8-9b9b-1ae3c011d451 ; TRANSFER_STATION  ; Hausübergabestationen  ; Enerpipe      ; Pufferspeicher-Übergabestation HP800ZL                                    ; http://www.enerpipe.de/de/produkte/13647/nahwaermepufferspeicher                           ;        ; EFH / MFH                                       ; 20      ; Glattrohrwärmetauscher  ; Stahl                           ; Externer Boiler oder Frischwasserstation                                                                                                                                     ; DCC-Regler,Ausgang f. Primärventil/bis zu 2 Heizkreise/Boiler1/Boiler2(Zirkul.kreis), indiv. Außen- und oder raumtemp. Abhängige Regelung  ; Pufferspeicher-Isolierung Klasse B  
69417cff-5615-4fe8-a7e2-389e2e98e564 ; TRANSFER_STATION  ; Hausübergabestationen  ; Enerpipe      ; Pufferspeicher-Übergabestation HP1000DL                                   ; http://www.enerpipe.de/de/produkte/13647/nahwaermepufferspeicher                           ;        ; EFH / MFH                                       ; 27      ; Glattrohrwärmetauscher  ; Stahl                           ; Externer Boiler oder Frischwasserstation                                                                                                                                     ; DCC-Regler,Ausgang f. Primärventil/bis zu 2 Heizkreise/Boiler1/Boiler2(Zirkul.kreis), indiv. Außen- und oder raumtemp. Abhängige Regelung  ; Pufferspeicher-Isolierung Klasse B  
1b12384b-c277-4f12-b4d7-648d107bc261 ; TRANSFER_STATION  ; Hausübergabestationen  ; Enerpipe      ; Pufferspeicher-Übergabestation HP1000ZL                                   ; http://www.enerpipe.de/de/produkte/13647/nahwaermepufferspeicher                           ;        ; EFH / MFH                                       ; 27      ; Glattrohrwärmetauscher  ; Stahl                           ; Externer Boiler oder Frischwasserstation                                                                                                                                     ; DCC-Regler,Ausgang f. Primärventil/bis zu 2 Heizkreise/Boiler1/Boiler2(Zirkul.kreis), indiv. Außen- und oder raumtemp. Abhängige Regelung  ; Pufferspeicher-Isolierung Klasse B  
449c3ad1-0e64-4d3f-8431-c5b13e98244a ; TRANSFER_STATION  ; Hausübergabestationen  ; Enerpipe      ; Pufferspeicher-Übergabestation ÜP600DL                                    ; http://www.enerpipe.de/de/produkte/13647/nahwaermepufferspeicher                           ;        ; EFH / MFH                                       ; 40      ; Plattenwärmetauscher    ; Edelstahl Kupfer gelötet        ; Externer Boiler oder Frischwasserstation                                                                                                                                     ; DCC-Regler,Ausgang f. Primärventil/bis zu 3 Heizkreise/Boiler1/Boiler2(Zirkul.kreis), indiv. Außen- und oder raumtemp. Abhängige Regelung  ; Pufferspeicher-Isolierung Klasse B  
4c35be74-8062-4acc-bad9-f86df31a03e8 ; TRANSFER_STATION  ; Hausübergabestationen  ; Enerpipe      ; Pufferspeicher-Übergabestation ÜP600ZL                                    ; http://www.enerpipe.de/de/produkte/13647/nahwaermepufferspeicher                           ;        ; EFH / MFH                                       ; 40      ; Plattenwärmetauscher    ; Edelstahl Kupfer gelötet        ; Externer Boiler oder Frischwasserstation                                                                                                                                     ; DCC-Regler,Ausgang f. Primärventil/bis zu 3 Heizkreise/Boiler1/Boiler2(Zirkul.kreis), indiv. Außen- und oder raumtemp. Abhängige Regelung  ; Pufferspeicher-Isolierung Klasse B  
f6bfd42e-9ba7-48b9-881c-35cc3f79e70f ; TRANSFER_STATION  ; Hausübergabestationen  ; Enerpipe      ; Pufferspeicher-Übergabestation ÜP800DL                                    ; http://www.enerpipe.de/de/produkte/13647/nahwaermepufferspeicher                           ;        ; EFH / MFH                                       ; 40      ; Plattenwärmetauscher    ; Edelstahl Kupfer gelötet        ; Externer Boiler oder Frischwasserstation                                                                                                                                     ; DCC-Regler,Ausgang f. Primärventil/bis zu 3 Heizkreise/Boiler1/Boiler2(Zirkul.kreis), indiv. Außen- und oder raumtemp. Abhängige Regelung  ; Pufferspeicher-Isolierung Klasse B  
4cfdeb33-3613-4118-9703-472d9cd8c767 ; TRANSFER_STATION  ; Hausübergabestationen  ; Enerpipe      ; Pufferspeicher-Übergabestation ÜP800ZL                                    ; http://www.enerpipe.de/de/produkte/13647/nahwaermepufferspeicher                           ;        ; EFH / MFH                                       ; 40      ; Plattenwärmetauscher    ; Edelstahl Kupfer gelötet        ; Externer Boiler oder Frischwasserstation                                                                                                                                     ; DCC-Regler,Ausgang f. Primärventil/bis zu 3 Heizkreise/Boiler1/Boiler2(Zirkul.kreis), indiv. Außen- und oder raumtemp. Abhängige Regelung  ; Pufferspeicher-Isolierung Klasse B  
e071529e-11d2-4814-bb9b-814f70225a89 ; TRANSFER_STATION  ; Hausübergabestationen  ; Enerpipe      ; Pufferspeicher-Übergabestation ÜP1000DL                                   ; http://www.enerpipe.de/de/produkte/13647/nahwaermepufferspeicher                           ;        ; EFH / MFH                                       ; 40      ; Plattenwärmetauscher    ; Edelstahl Kupfer gelötet        ; Externer Boiler oder Frischwasserstation                                                                                                                                     ; DCC-Regler,Ausgang f. Primärventil/bis zu 3 Heizkreise/Boiler1/Boiler2(Zirkul.kreis), indiv. Außen- und oder raumtemp. Abhängige Regelung  ; Pufferspeicher-Isolierung Klasse B  
456badc4-d7c6-4e88-b47d-f4149e9c4471 ; TRANSFER_STATION  ; Hausübergabestationen  ; Enerpipe      ; Pufferspeicher-Übergabestation ÜP1000ZL                                   ; http://www.enerpipe.de/de/produkte/13647/nahwaermepufferspeicher                           ;        ; EFH / MFH                                       ; 40      ; Plattenwärmetauscher    ; Edelstahl Kupfer gelötet        ; Externer Boiler oder Frischwasserstation                                                                                                                                     ; DCC-Regler,Ausgang f. Primärventil/bis zu 3 Heizkreise/Boiler1/Boiler2(Zirkul.kreis), indiv. Außen- und oder raumtemp. Abhängige Regelung  ; Pufferspeicher-Isolierung Klasse B  
4c5a82cc-b2cf-4918-901c-69c0ec0649fa ; TRANSFER_STATION  ; Hausübergabestationen  ; Enerpipe      ; Pufferspeicher-Übergabestation mit Frischwasserstation  SP600DL mit FWS   ; http://www.enerpipe.de/de/produkte/13647/nahwaermepufferspeicher                           ;        ; EFH / MFH                                       ; 40      ; ohne Systemtrennung     ; -                               ; Externer Boiler oder Frischwasserstation                                                                                                                                     ; DCC-Regler,Ausgang f. Primärventil/bis zu 2 Heizkreise/Boiler1/Boiler2(Zirkul.kreis), indiv. Außen- und oder raumtemp. Abhängige Regelung  ; Pufferspeicher-Isolierung Klasse B  
2a4c5569-a70d-4414-ae58-cd41219516d1 ; TRANSFER_STATION  ; Hausübergabestationen  ; Enerpipe      ; Pufferspeicher-Übergabestation mit Frischwasserstation  SP600ZL mit FWS   ; http://www.enerpipe.de/de/produkte/13647/nahwaermepufferspeicher                           ;        ; EFH / MFH                                       ; 40      ; ohne Systemtrennung     ; -                               ; Externer Boiler oder Frischwasserstation                                                                                                                                     ; DCC-Regler,Ausgang f. Primärventil/bis zu 2 Heizkreise/Boiler1/Boiler2(Zirkul.kreis), indiv. Außen- und oder raumtemp. Abhängige Regelung  ; Pufferspeicher-Isolierung Klasse B  
bb504613-aa6b-4941-868b-3b650d63c9c2 ; TRANSFER_STATION  ; Hausübergabestationen  ; Enerpipe      ; Pufferspeicher-Übergabestation mit Frischwasserstation  SP800DL mit FWS   ; http://www.enerpipe.de/de/produkte/13647/nahwaermepufferspeicher                           ;        ; EFH / MFH                                       ; 40      ; ohne Systemtrennung     ; -                               ; Externer Boiler oder Frischwasserstation                                                                                                                                     ; DCC-Regler,Ausgang f. Primärventil/bis zu 2 Heizkreise/Boiler1/Boiler2(Zirkul.kreis), indiv. Außen- und oder raumtemp. Abhängige Regelung  ; Pufferspeicher-Isolierung Klasse B  
991e1a00-8810-4211-9c24-e44c9cafc027 ; TRANSFER_STATION  ; Hausübergabestationen  ; Enerpipe      ; Pufferspeicher-Übergabestation mit Frischwasserstation  SP800ZL mit FWS   ; http://www.enerpipe.de/de/produkte/13647/nahwaermepufferspeicher                           ;        ; EFH / MFH                                       ; 40      ; ohne Systemtrennung     ; -                               ; Externer Boiler oder Frischwasserstation                                                                                                                                     ; DCC-Regler,Ausgang f. Primärventil/bis zu 2 Heizkreise/Boiler1/Boiler2(Zirkul.kreis), indiv. Außen- und oder raumtemp. Abhängige Regelung  ; Pufferspeicher-Isolierung Klasse B  
f5bc65db-7b44-4183-9fdd-295ba50609e0 ; TRANSFER_STATION  ; Hausübergabestationen  ; Enerpipe      ; Pufferspeicher-Übergabestation mit Frischwasserstation  SP1000DL mit FWS  ; http://www.enerpipe.de/de/produkte/13647/nahwaermepufferspeicher                           ;        ; EFH / MFH                                       ; 40      ; ohne Systemtrennung     ; -                               ; Frischwasserstation angebaut                                                                                                                                                 ; DCC-Regler,Ausgang f. Primärventil/bis zu 2 Heizkreise/Boiler1/Boiler2(Zirkul.kreis), indiv. Außen- und oder raumtemp. Abhängige Regelung  ; Pufferspeicher-Isolierung Klasse B  
f3b0fc08-582e-41bd-9d9a-880efab233c5 ; TRANSFER_STATION  ; Hausübergabestationen  ; Enerpipe      ; Pufferspeicher-Übergabestation mit Frischwasserstation  SP1000ZL mit FWS  ; http://www.enerpipe.de/de/produkte/13647/nahwaermepufferspeicher                           ;        ; EFH / MFH                                       ; 40      ; ohne Systemtrennung     ; -                               ; Frischwasserstation angebaut                                                                                                                                                 ; DCC-Regler,Ausgang f. Primärventil/bis zu 2 Heizkreise/Boiler1/Boiler2(Zirkul.kreis), indiv. Außen- und oder raumtemp. Abhängige Regelung  ; Pufferspeicher-Isolierung Klasse B  
0703509c-f0e6-4c13-8485-25a566c6dcba ; TRANSFER_STATION  ; Hausübergabestationen  ; Enerpipe      ; Pufferspeicher-Übergabestation mit Frischwasserstation  HP600DL mit FWS   ; http://www.enerpipe.de/de/produkte/13647/nahwaermepufferspeicher                           ;        ; EFH / MFH                                       ; 15      ; Glattrohrwärmetauscher  ; Stahl                           ; Frischwasserstation angebaut                                                                                                                                                 ; DCC-Regler,Ausgang f. Primärventil/bis zu 2 Heizkreise/Boiler1/Boiler2(Zirkul.kreis), indiv. Außen- und oder raumtemp. Abhängige Regelung  ; Pufferspeicher-Isolierung Klasse B  
be2402e8-d3d6-4654-84ea-379e5d314be9 ; TRANSFER_STATION  ; Hausübergabestationen  ; Enerpipe      ; Pufferspeicher-Übergabestation mit Frischwasserstation  HP600ZL mit FWS   ; http://www.enerpipe.de/de/produkte/13647/nahwaermepufferspeicher                           ;        ; EFH / MFH                                       ; 15      ; Glattrohrwärmetauscher  ; Stahl                           ; Frischwasserstation angebaut                                                                                                                                                 ; DCC-Regler,Ausgang f. Primärventil/bis zu 2 Heizkreise/Boiler1/Boiler2(Zirkul.kreis), indiv. Außen- und oder raumtemp. Abhängige Regelung  ; Pufferspeicher-Isolierung Klasse B  
99990c40-06b2-4988-9e58-ea9a0bf29d3c ; TRANSFER_STATION  ; Hausübergabestationen  ; Enerpipe      ; Pufferspeicher-Übergabestation mit Frischwasserstation  HP800DL mit FWS   ; http://www.enerpipe.de/de/produkte/13647/nahwaermepufferspeicher                           ;        ; EFH / MFH                                       ; 20      ; Glattrohrwärmetauscher  ; Stahl                           ; Frischwasserstation angebaut                                                                                                                                                 ; DCC-Regler,Ausgang f. Primärventil/bis zu 2 Heizkreise/Boiler1/Boiler2(Zirkul.kreis), indiv. Außen- und oder raumtemp. Abhängige Regelung  ; Pufferspeicher-Isolierung Klasse B  
91e8d7d6-2ae0-49f8-8966-0f78269e0dc4 ; TRANSFER_STATION  ; Hausübergabestationen  ; Enerpipe      ; Pufferspeicher-Übergabestation mit Frischwasserstation  HP800ZL mit FWS   ; http://www.enerpipe.de/de/produkte/13647/nahwaermepufferspeicher                           ;        ; EFH / MFH                                       ; 20      ; Glattrohrwärmetauscher  ; Stahl                           ; Frischwasserstation angebaut                                                                                                                                                 ; DCC-Regler,Ausgang f. Primärventil/bis zu 2 Heizkreise/Boiler1/Boiler2(Zirkul.kreis), indiv. Außen- und oder raumtemp. Abhängige Regelung  ; Pufferspeicher-Isolierung Klasse B  
1711e3de-d2ee-4a70-8450-e3d6f54fafcd ; TRANSFER_STATION  ; Hausübergabestationen  ; Enerpipe      ; Pufferspeicher-Übergabestation mit Frischwasserstation  HP1000DL mit FWS  ; http://www.enerpipe.de/de/produkte/13647/nahwaermepufferspeicher                           ;        ; EFH / MFH                                       ; 27      ; Glattrohrwärmetauscher  ; Stahl                           ; Frischwasserstation angebaut                                                                                                                                                 ; DCC-Regler,Ausgang f. Primärventil/bis zu 2 Heizkreise/Boiler1/Boiler2(Zirkul.kreis), indiv. Außen- und oder raumtemp. Abhängige Regelung  ; Pufferspeicher-Isolierung Klasse B  
151700e5-e7fd-4a93-ac5b-3a243ece2685 ; TRANSFER_STATION  ; Hausübergabestationen  ; Enerpipe      ; Pufferspeicher-Übergabestation mit Frischwasserstation  HP1000ZL mit FWS  ; http://www.enerpipe.de/de/produkte/13647/nahwaermepufferspeicher                           ;        ; EFH / MFH                                       ; 27      ; Glattrohrwärmetauscher  ; Stahl                           ; Frischwasserstation angebaut                                                                                                                                                 ; DCC-Regler,Ausgang f. Primärventil/bis zu 2 Heizkreise/Boiler1/Boiler2(Zirkul.kreis), indiv. Außen- und oder raumtemp. Abhängige Regelung  ; Pufferspeicher-Isolierung Klasse B  
f13943cb-a511-43cf-9a40-40386b8bea7a ; TRANSFER_STATION  ; Hausübergabestationen  ; Enerpipe      ; Pufferspeicher-Übergabestation mit Frischwasserstation  ÜP600DL mit FWS   ; http://www.enerpipe.de/de/produkte/13647/nahwaermepufferspeicher                           ;        ; EFH / MFH                                       ; 40      ; Plattenwärmetauscher    ; Edelstahl Kupfer gelötet        ; Frischwasserstation angebaut                                                                                                                                                 ; DCC-Regler,Ausgang f. Primärventil/bis zu 3 Heizkreise/Boiler1/Boiler2(Zirkul.kreis), indiv. Außen- und oder raumtemp. Abhängige Regelung  ; Pufferspeicher-Isolierung Klasse B  
4927e7be-487e-4cdf-ad40-da63a28afd9f ; TRANSFER_STATION  ; Hausübergabestationen  ; Enerpipe      ; Pufferspeicher-Übergabestation mit Frischwasserstation  ÜP600ZL mit FWS   ; http://www.enerpipe.de/de/produkte/13647/nahwaermepufferspeicher                           ;        ; EFH / MFH                                       ; 40      ; Plattenwärmetauscher    ; Edelstahl Kupfer gelötet        ; Frischwasserstation angebaut                                                                                                                                                 ; DCC-Regler,Ausgang f. Primärventil/bis zu 3 Heizkreise/Boiler1/Boiler2(Zirkul.kreis), indiv. Außen- und oder raumtemp. Abhängige Regelung  ; Pufferspeicher-Isolierung Klasse B  
f9d6b216-6e4f-40a1-82d9-6ed1b335ed37 ; TRANSFER_STATION  ; Hausübergabestationen  ; Enerpipe      ; Pufferspeicher-Übergabestation mit Frischwasserstation  ÜP800DL mit FWS   ; http://www.enerpipe.de/de/produkte/13647/nahwaermepufferspeicher                           ;        ; EFH / MFH                                       ; 40      ; Plattenwärmetauscher    ; Edelstahl Kupfer gelötet        ; Frischwasserstation angebaut                                                                                                                                                 ; DCC-Regler,Ausgang f. Primärventil/bis zu 3 Heizkreise/Boiler1/Boiler2(Zirkul.kreis), indiv. Außen- und oder raumtemp. Abhängige Regelung  ; Pufferspeicher-Isolierung Klasse B  
1c1e3cba-3dd2-4f2b-a9d6-0e1f423a2890 ; TRANSFER_STATION  ; Hausübergabestationen  ; Enerpipe      ; Pufferspeicher-Übergabestation mit Frischwasserstation  ÜP800ZL mit FWS   ; http://www.enerpipe.de/de/produkte/13647/nahwaermepufferspeicher                           ;        ; EFH / MFH                                       ; 40      ; Plattenwärmetauscher    ; Edelstahl Kupfer gelötet        ; Frischwasserstation angebaut                                                                                                                                                 ; DCC-Regler,Ausgang f. Primärventil/bis zu 3 Heizkreise/Boiler1/Boiler2(Zirkul.kreis), indiv. Außen- und oder raumtemp. Abhängige Regelung  ; Pufferspeicher-Isolierung Klasse B  
68c901fc-fd13-4dee-bbf4-4988580426d5 ; TRANSFER_STATION  ; Hausübergabestationen  ; Enerpipe      ; Pufferspeicher-Übergabestation mit Frischwasserstation  ÜP1000DL mit FWS  ; http://www.enerpipe.de/de/produkte/13647/nahwaermepufferspeicher                           ;        ; EFH / MFH                                       ; 40      ; Plattenwärmetauscher    ; Edelstahl Kupfer gelötet        ; Frischwasserstation angebaut                                                                                                                                                 ; DCC-Regler,Ausgang f. Primärventil/bis zu 3 Heizkreise/Boiler1/Boiler2(Zirkul.kreis), indiv. Außen- und oder raumtemp. Abhängige Regelung  ; Pufferspeicher-Isolierung Klasse B  
c1985f9f-d3a4-4754-862a-d94282b4adad ; TRANSFER_STATION  ; Hausübergabestationen  ; Enerpipe      ; Pufferspeicher-Übergabestation mit Frischwasserstation  SP600DL mit FWS   ; http://www.enerpipe.de/de/produkte/13647/nahwaermepufferspeicher                           ;        ; EFH / MFH                                       ; 40      ; Plattenwärmetauscher    ; Edelstahl Kupfer gelötet        ; Frischwasserstation angebaut                                                                                                                                                 ; DCC-Regler,Ausgang f. Primärventil/bis zu 3 Heizkreise/Boiler1/Boiler2(Zirkul.kreis), indiv. Außen- und oder raumtemp. Abhängige Regelung  ; Pufferspeicher-Isolierung Klasse B  
6ed91002-1e75-40a7-bf0f-3b6539c305d1 ; TRANSFER_STATION  ; Hausübergabestationen  ; Enerpipe      ; Pufferspeicher-Übergabestation mit Hygienewendel SP600DL-H                ; http://www.enerpipe.de/de/produkte/13647/nahwaermepufferspeicher                           ;        ; EFH / MFH                                       ; 40      ; ohne Systemtrennung     ; -                               ; Hygienewendel integriert                                                                                                                                                     ; DCC-Regler,Ausgang f. Primärventil/bis zu 2 Heizkreise/Boiler1/Boiler2(Zirkul.kreis), indiv. Außen- und oder raumtemp. Abhängige Regelung  ; Pufferspeicher-Isolierung Klasse B  
73387577-719a-4172-9c10-f567da33b109 ; TRANSFER_STATION  ; Hausübergabestationen  ; Enerpipe      ; Pufferspeicher-Übergabestation mit Hygienewendel SP600ZL-H                ; http://www.enerpipe.de/de/produkte/13647/nahwaermepufferspeicher                           ;        ; EFH / MFH                                       ; 40      ; ohne Systemtrennung     ; -                               ; Hygienewendel integriert                                                                                                                                                     ; DCC-Regler,Ausgang f. Primärventil/bis zu 2 Heizkreise/Boiler1/Boiler2(Zirkul.kreis), indiv. Außen- und oder raumtemp. Abhängige Regelung  ; Pufferspeicher-Isolierung Klasse B  
f14a6fdf-e0c7-411d-8280-fe3426a12cbe ; TRANSFER_STATION  ; Hausübergabestationen  ; Enerpipe      ; Pufferspeicher-Übergabestation mit Hygienewendel SP800DL-H                ; http://www.enerpipe.de/de/produkte/13647/nahwaermepufferspeicher                           ;        ; EFH / MFH                                       ; 40      ; ohne Systemtrennung     ; -                               ; Hygienewendel integriert                                                                                                                                                     ; DCC-Regler,Ausgang f. Primärventil/bis zu 2 Heizkreise/Boiler1/Boiler2(Zirkul.kreis), indiv. Außen- und oder raumtemp. Abhängige Regelung  ; Pufferspeicher-Isolierung Klasse B  
0c0f1fb4-e748-494c-b520-513697a7d464 ; TRANSFER_STATION  ; Hausübergabestationen  ; Enerpipe      ; Pufferspeicher-Übergabestation mit Hygienewendel SP800ZL-H                ; http://www.enerpipe.de/de/produkte/13647/nahwaermepufferspeicher                           ;        ; EFH / MFH                                       ; 40      ; ohne Systemtrennung     ; -                               ; Hygienewendel integriert                                                                                                                                                     ; DCC-Regler,Ausgang f. Primärventil/bis zu 2 Heizkreise/Boiler1/Boiler2(Zirkul.kreis), indiv. Außen- und oder raumtemp. Abhängige Regelung  ; Pufferspeicher-Isolierung Klasse B  
52262b22-fc73-4d93-93d4-e2f7e7e4eea3 ; TRANSFER_STATION  ; Hausübergabestationen  ; Enerpipe      ; Pufferspeicher-Übergabestation mit Hygienewendel SP1000DL-H               ; http://www.enerpipe.de/de/produkte/13647/nahwaermepufferspeicher                           ;        ; EFH / MFH                                       ; 40      ; ohne Systemtrennung     ; -                               ; Hygienewendel integriert                                                                                                                                                     ; DCC-Regler,Ausgang f. Primärventil/bis zu 2 Heizkreise/Boiler1/Boiler2(Zirkul.kreis), indiv. Außen- und oder raumtemp. Abhängige Regelung  ; Pufferspeicher-Isolierung Klasse B  
777d8d63-7f99-4b6d-9067-9c5a674e7c17 ; TRANSFER_STATION  ; Hausübergabestationen  ; Enerpipe      ; Pufferspeicher-Übergabestation mit Hygienewendel SP1000ZL-H               ; http://www.enerpipe.de/de/produkte/13647/nahwaermepufferspeicher                           ;        ; EFH / MFH                                       ; 40      ; ohne Systemtrennung     ; -                               ; Hygienewendel integriert                                                                                                                                                     ; DCC-Regler,Ausgang f. Primärventil/bis zu 2 Heizkreise/Boiler1/Boiler2(Zirkul.kreis), indiv. Außen- und oder raumtemp. Abhängige Regelung  ; Pufferspeicher-Isolierung Klasse B  
e56638c1-a4cb-4ea9-af97-a18bf224fe94 ; TRANSFER_STATION  ; Hausübergabestationen  ; Enerpipe      ; Pufferspeicher-Übergabestation mit Hygienewendel HP600DL-H                ; http://www.enerpipe.de/de/produkte/13647/nahwaermepufferspeicher                           ;        ; EFH / MFH                                       ; 15      ; Glattrohrwärmetauscher  ; Stahl                           ; Hygienewendel integriert                                                                                                                                                     ; DCC-Regler,Ausgang f. Primärventil/bis zu 2 Heizkreise/Boiler1/Boiler2(Zirkul.kreis), indiv. Außen- und oder raumtemp. Abhängige Regelung  ; Pufferspeicher-Isolierung Klasse B  
06b710d7-6ecd-4d4a-ab25-a747b5d583d2 ; TRANSFER_STATION  ; Hausübergabestationen  ; Enerpipe      ; Pufferspeicher-Übergabestation mit Hygienewendel HP600ZL-H                ; http://www.enerpipe.de/de/produkte/13647/nahwaermepufferspeicher                           ;        ; EFH / MFH                                       ; 15      ; Glattrohrwärmetauscher  ; Stahl                           ; Hygienewendel integriert                                                                                                                                                     ; DCC-Regler,Ausgang f. Primärventil/bis zu 2 Heizkreise/Boiler1/Boiler2(Zirkul.kreis), indiv. Außen- und oder raumtemp. Abhängige Regelung  ; Pufferspeicher-Isolierung Klasse B  
42d4e5f5-804e-4c54-a5a4-0eb19ec0409a ; TRANSFER_STATION  ; Hausübergabestationen  ; Enerpipe      ; Pufferspeicher-Übergabestation mit Hygienewendel HP800DL-H                ; http://www.enerpipe.de/de/produkte/13647/nahwaermepufferspeicher                           ;        ; EFH / MFH                                       ; 20      ; Glattrohrwärmetauscher  ; Stahl                           ; Hygienewendel integriert                                                                                                                                                     ; DCC-Regler,Ausgang f. Primärventil/bis zu 2 Heizkreise/Boiler1/Boiler2(Zirkul.kreis), indiv. Außen- und oder raumtemp. Abhängige Regelung  ; Pufferspeicher-Isolierung Klasse B  
765ecf8c-115a-4d0c-880b-7e803e76aac9 ; TRANSFER_STATION  ; Hausübergabestationen  ; Enerpipe      ; Pufferspeicher-Übergabestation mit Hygienewendel HP800ZL-H                ; http://www.enerpipe.de/de/produkte/13647/nahwaermepufferspeicher                           ;        ; EFH / MFH                                       ; 20      ; Glattrohrwärmetauscher  ; Stahl                           ; Hygienewendel integriert                                                                                                                                                     ; DCC-Regler,Ausgang f. Primärventil/bis zu 2 Heizkreise/Boiler1/Boiler2(Zirkul.kreis), indiv. Außen- und oder raumtemp. Abhängige Regelung  ; Pufferspeicher-Isolierung Klasse B  
3932d3e6-581b-4a5c-9223-9e9fdae898a5 ; TRANSFER_STATION  ; Hausübergabestationen  ; Enerpipe      ; Pufferspeicher-Übergabestation mit Hygienewendel HP1000DL-H               ; http://www.enerpipe.de/de/produkte/13647/nahwaermepufferspeicher                           ;        ; EFH / MFH                                       ; 27      ; Glattrohrwärmetauscher  ; Stahl                           ; Hygienewendel integriert                                                                                                                                                     ; DCC-Regler,Ausgang f. Primärventil/bis zu 2 Heizkreise/Boiler1/Boiler2(Zirkul.kreis), indiv. Außen- und oder raumtemp. Abhängige Regelung  ; Pufferspeicher-Isolierung Klasse B  
4dd3d37f-a8ca-43a9-a089-715446f1a2c4 ; TRANSFER_STATION  ; Hausübergabestationen  ; Enerpipe      ; Pufferspeicher-Übergabestation mit Hygienewendel HP1000ZL-H               ; http://www.enerpipe.de/de/produkte/13647/nahwaermepufferspeicher                           ;        ; EFH / MFH                                       ; 27      ; Glattrohrwärmetauscher  ; Stahl                           ; Hygienewendel integriert                                                                                                                                                     ; DCC-Regler,Ausgang f. Primärventil/bis zu 2 Heizkreise/Boiler1/Boiler2(Zirkul.kreis), indiv. Außen- und oder raumtemp. Abhängige Regelung  ; Pufferspeicher-Isolierung Klasse B  
21a4e06d-43a5-4bae-837b-4e0b263ada2f ; TRANSFER_STATION  ; Hausübergabestationen  ; Enerpipe      ; Pufferspeicher-Übergabestation mit Hygienewendel ÜP600DL-H                ; http://www.enerpipe.de/de/produkte/13647/nahwaermepufferspeicher                           ;        ; EFH / MFH                                       ; 40      ; Plattenwärmetauscher    ; Edelstahl Kupfer gelötet        ; Hygienewendel integriert                                                                                                                                                     ; DCC-Regler,Ausgang f. Primärventil/bis zu 3 Heizkreise/Boiler1/Boiler2(Zirkul.kreis), indiv. Außen- und oder raumtemp. Abhängige Regelung  ; Pufferspeicher-Isolierung Klasse B  
66237bf3-6aec-40a9-be40-380922a05ba0 ; TRANSFER_STATION  ; Hausübergabestationen  ; Enerpipe      ; Pufferspeicher-Übergabestation mit Hygienewendel ÜP600ZL-H                ; http://www.enerpipe.de/de/produkte/13647/nahwaermepufferspeicher                           ;        ; EFH / MFH                                       ; 40      ; Plattenwärmetauscher    ; Edelstahl Kupfer gelötet        ; Hygienewendel integriert                                                                                                                                                     ; DCC-Regler,Ausgang f. Primärventil/bis zu 3 Heizkreise/Boiler1/Boiler2(Zirkul.kreis), indiv. Außen- und oder raumtemp. Abhängige Regelung  ; Pufferspeicher-Isolierung Klasse B  
5f81e0c5-4acd-4d25-9c2f-092b9b5ed51f ; TRANSFER_STATION  ; Hausübergabestationen  ; Enerpipe      ; Pufferspeicher-Übergabestation mit Hygienewendel ÜP800DL-H                ; http://www.enerpipe.de/de/produkte/13647/nahwaermepufferspeicher                           ;        ; EFH / MFH                                       ; 40      ; Plattenwärmetauscher    ; Edelstahl Kupfer gelötet        ; Hygienewendel integriert                                                                                                                                                     ; DCC-Regler,Ausgang f. Primärventil/bis zu 3 Heizkreise/Boiler1/Boiler2(Zirkul.kreis), indiv. Außen- und oder raumtemp. Abhängige Regelung  ; Pufferspeicher-Isolierung Klasse B  
8562b6c4-9318-4972-879c-d5832a22fd63 ; TRANSFER_STATION  ; Hausübergabestationen  ; Enerpipe      ; Pufferspeicher-Übergabestation mit Hygienewendel ÜP800ZL-H                ; http://www.enerpipe.de/de/produkte/13647/nahwaermepufferspeicher                           ;        ; EFH / MFH                                       ; 40      ; Plattenwärmetauscher    ; Edelstahl Kupfer gelötet        ; Hygienewendel integriert                                                                                                                                                     ; DCC-Regler,Ausgang f. Primärventil/bis zu 3 Heizkreise/Boiler1/Boiler2(Zirkul.kreis), indiv. Außen- und oder raumtemp. Abhängige Regelung  ; Pufferspeicher-Isolierung Klasse B  
9473a0c0-51f4-496c-9869-822622a8d162 ; TRANSFER_STATION  ; Hausübergabestationen  ; Enerpipe      ; Pufferspeicher-Übergabestation mit Hygienewendel ÜP1000DL-H               ; http://www.enerpipe.de/de/produkte/13647/nahwaermepufferspeicher                           ;        ; EFH / MFH                                       ; 40      ; Plattenwärmetauscher    ; Edelstahl Kupfer gelötet        ; Hygienewendel integriert                                                                                                                                                     ; DCC-Regler,Ausgang f. Primärventil/bis zu 3 Heizkreise/Boiler1/Boiler2(Zirkul.kreis), indiv. Außen- und oder raumtemp. Abhängige Regelung  ; Pufferspeicher-Isolierung Klasse B  
cde8e6d8-3855-4e17-bd1d-58fa73665b20 ; TRANSFER_STATION  ; Hausübergabestationen  ; Enerpipe      ; Pufferspeicher-Übergabestation mit Hygienewendel ÜP1000ZL-H               ; http://www.enerpipe.de/de/produkte/13647/nahwaermepufferspeicher                           ;        ; EFH / MFH                                       ; 40      ; Plattenwärmetauscher    ; Edelstahl Kupfer gelötet        ; Hygienewendel integriert                                                                                                                                                     ; DCC-Regler,Ausgang f. Primärventil/bis zu 3 Heizkreise/Boiler1/Boiler2(Zirkul.kreis), indiv. Außen- und oder raumtemp. Abhängige Regelung  ; Pufferspeicher-Isolierung Klasse B  
6ebb3dda-c74f-4811-8cbd-c63dbd00e51e ; TRANSFER_STATION  ; Hausübergabestationen  ;               ; Standard-Hausübergabestation 25 kW                                        ;                                                                                            ; 2800   ;                                                 ; 25      ;                         ;                                 ;                                                                                                                                                                              ;                                                                                                                                            ;                                     
27065b99-8bdb-4b2d-945c-7589cadf1c55 ; TRANSFER_STATION  ; Hausübergabestationen  ;               ; Standard-Hausübergabestation 40 kW                                        ;                                                                                            ; 3000   ;                                                 ; 40      ;                         ;                                 ;                                                                                                                                                                              ;                                                                                                                                            ;                                     
5f6800c4-fcfe-41cb-aa84-282f00b52353 ; TRANSFER_STATION  ; Hausübergabestationen  ;               ; Standard-Hausübergabestation 70 kW                                        ;                                                                                            ; 3500   ;                                                 ; 70      ;                         ;                                 ;                                                                                                                                                                              ;                                                                                                                                            ;                                     
2094a79b-1554-42b4-b041-363e825058e5 ; TRANSFER_STATION  ; Hausübergabestationen  ;               ; Standard-Hausübergabestation 100 kW                                       ;                                                                                            ; 6500   ;                                                 ; 100     ;                         ;                                 ;                                                                                                                                                                              ;                                                                                                                                            ;                                     
8198326b-c296-4967-ae4a-90dd386c11ca ; TRANSFER_STATION  ; Hausübergabestationen  ;               ; Standard-Hausübergabestation 200 kW                                       ;                                                                                            ; 8000   ;                                                 ; 200     ;                         ;                                 ;                                                                                                                                                                              ;                                                                                                                                            ;                                     
3de9e1ab-c649-4436-b0f0-ee40fd64adb6 ; TRANSFER_STATION  ; Hausübergabestationen  ;               ; Standard-Hausübergabestation 500 kW                                       ;                                                                                            ; 14000  ;                                                 ; 500     ;                         ;                                 ;                                                                                                                                                                              ;                                                                                                                                            ;                                     
80a81c67-1c07-472a-9d80-143794ef3a5c ; TRANSFER_STATION  ; Hausübergabestationen  ;               ; Standard-Hausübergabestation 1000 kW                                      ;                                                                                            ; 20000  ;                                                 ; 1000    ;                         ;                                 ;                                                                                                                                                                              ;                                                                                                                                            ;                                     
